ID,number_of_loops,nested_loop_level,loop_input_dependent_level,number_of_defined_threads,number_of_started_threads,number_of_join_threads,number_of_defined_locks,number_of_acquired_locks_threads,number_of_released_locks,number_of_usage_of_extra,number_of_usage_of_values_list,number_of_usage_of_select_related
ee2c971f20132061d7e749267b166730ff734a7c,0,0.0,0.0,0.0,0.0,0.0,0.0,0.0,0.0,0.0,0.0,0.0
d4f01649de54f7e70c368da6571ac5ccda9ddf79,0,0.0,0.0,0.0,0.0,0.0,0.0,0.0,0.0,0.0,0.0,0.0
bae8ac45f183613712be11aee11ec93b6e36e0d0,0,0.0,0.0,0.0,0.0,0.0,0.0,0.0,0.0,0.0,0.0,0.0
9aa1369d290e7732b7ca8db743f27d10c0ace093,0,0.0,0.0,0.0,0.0,0.0,0.0,0.0,0.0,0.0,0.0,0.0
9aa1369d290e7732b7ca8db743f27d10c0ace093,0,0.0,0.0,0.0,0.0,0.0,0.0,0.0,0.0,0.0,0.0,0.0
4e810b6b3e222499c9f6f4498cd400cca5da3f87,0,0.0,0.0,0.0,0.0,0.0,0.0,0.0,0.0,0.0,0.0,0.0
10c90e5ce9ed68f4b51e9225d27a01493404ccb8,0,0.0,0.0,0.0,0.0,0.0,0.0,0.0,0.0,0.0,0.0,0.0
fa2e8f468d7d5d5d393fa7e33c47cde34bffe5bd,0,0.0,0.0,0.0,0.0,0.0,0.0,0.0,0.0,0.0,0.0,0.0
dd15cd5b22997fef1b6efa5ffa71d6ce84de30c5,1,0.0,0.0,0.0,0.0,0.0,0.0,0.0,0.0,0.0,0.0,0.0
8c8caf5f29d25264abe9eaf94dda2d09e86010eb,0,0.0,0.0,0.0,0.0,0.0,0.0,0.0,0.0,0.0,0.0,0.0
e0098522faf604f4f29ba54bba4d143c77b5e3e6,0,0.0,0.0,0.0,0.0,0.0,0.0,0.0,0.0,0.0,0.0,0.0
fe382ea288c93c2d5365cefc0a54f4b2ca0edeb9,0,0.0,0.0,0.0,0.0,0.0,0.0,0.0,0.0,0.0,0.0,0.0
31e7a90ee17132ac612a1db3e9f32312f7a9159a,0,0.0,0.0,0.0,0.0,0.0,0.0,0.0,0.0,0.0,0.0,0.0
9ab82dcb585ca3e38fd509b54c0ddc99d958c0b9,0,0.0,0.0,0.0,0.0,0.0,0.0,0.0,0.0,0.0,0.0,0.0
c4eb2ff8ab75db4e0900208b05971eaa55a8382b,0,0.0,0.0,0.0,0.0,0.0,0.0,0.0,0.0,0.0,0.0,0.0
1939f247b3ae06244a8d50fa7dabbcc975c6fc4c,0,0.0,0.0,0.0,0.0,0.0,0.0,0.0,0.0,0.0,0.0,0.0
1fa277bdbc4947daabc6dee048e7ca1dad7c3b66,0,0.0,0.0,0.0,0.0,0.0,0.0,0.0,0.0,0.0,0.0,0.0
1939f247b3ae06244a8d50fa7dabbcc975c6fc4c,1,0.0,0.0,0.0,0.0,0.0,0.0,0.0,0.0,0.0,0.0,0.0
ae925ac7124c350f4b04605d380ec5e2ec350f7f,0,0.0,0.0,0.0,0.0,0.0,0.0,0.0,0.0,0.0,0.0,0.0
6365376e4c205fa68d9d006d8e4ecffc31813e26,0,0.0,0.0,0.0,0.0,0.0,0.0,0.0,0.0,0.0,0.0,0.0
ae925ac7124c350f4b04605d380ec5e2ec350f7f,0,0.0,0.0,0.0,0.0,0.0,0.0,0.0,0.0,0.0,0.0,0.0
1939f247b3ae06244a8d50fa7dabbcc975c6fc4c,0,0.0,0.0,0.0,0.0,0.0,0.0,0.0,0.0,0.0,0.0,0.0
e540cdd1328b2b21e29a95405c301b9313b7c346,0,0.0,0.0,0.0,0.0,0.0,0.0,0.0,0.0,0.0,0.0,0.0
9e7414be3f6364a0c346edbddda3c17b84c97679,0,0.0,0.0,0.0,0.0,0.0,0.0,0.0,0.0,0.0,0.0,0.0
ae925ac7124c350f4b04605d380ec5e2ec350f7f,0,0.0,0.0,0.0,0.0,0.0,0.0,0.0,0.0,0.0,0.0,0.0
1939f247b3ae06244a8d50fa7dabbcc975c6fc4c,0,0.0,0.0,0.0,0.0,0.0,0.0,0.0,0.0,0.0,0.0,0.0
5854a82bc4373373f08e11b4ba52e373bc3ccdc7,0,0.0,0.0,0.0,0.0,0.0,0.0,0.0,0.0,0.0,0.0,0.0
3e1a15f8c3e6f587bed1ee6205355b9333a49e8e,0,0.0,0.0,0.0,0.0,0.0,0.0,0.0,0.0,0.0,0.0,0.0
5cf34eb8d8d0ab88ea619bb9fce8754c2251270f,0,0.0,0.0,0.0,0.0,0.0,0.0,0.0,0.0,0.0,0.0,0.0
beac2d6303c4d7ea8ad0fbf50d6fd844337cd9ba,0,0.0,0.0,0.0,0.0,0.0,0.0,0.0,0.0,0.0,0.0,0.0
73c7502336c31966c85f60f5391269b9425626de,0,0.0,0.0,0.0,0.0,0.0,0.0,0.0,0.0,0.0,0.0,0.0
9de97753f0fcccf67f91e5c3a23a0be5ecebfdec,0,0.0,0.0,0.0,0.0,0.0,0.0,0.0,0.0,0.0,0.0,0.0
540db324a32a01043e7929e172dcaea800864e1e,0,0.0,0.0,0.0,0.0,0.0,0.0,0.0,0.0,0.0,0.0,0.0
70c2087890a510e6ed35151e0239cacb9216ff62,3,0.0,0.0,0.0,0.0,0.0,0.0,0.0,0.0,0.0,0.0,0.0
b182c880f04b76bc0cf035b3995b8bb28c2c47c8,0,0.0,0.0,0.0,0.0,0.0,0.0,0.0,0.0,0.0,0.0,0.0
0576505021d3b98f4b805bf12ec09587d44e2f6d,0,0.0,0.0,0.0,0.0,0.0,0.0,0.0,0.0,0.0,0.0,0.0
e540cdd1328b2b21e29a95405c301b9313b7c346,0,0.0,0.0,0.0,0.0,0.0,0.0,0.0,0.0,0.0,0.0,0.0
5176019f07894031ac31b992bf99752dc1f3d72f,1,0.0,0.0,0.0,0.0,0.0,0.0,0.0,0.0,0.0,0.0,0.0
26b56c1bdfb048c3e46419fde332bab76deb2cd3,0,0.0,0.0,0.0,0.0,0.0,0.0,0.0,0.0,0.0,0.0,0.0
3f673f2a8e0aacb6d0fa4504233f4f284e4a1b4c,0,0.0,0.0,0.0,0.0,0.0,0.0,0.0,0.0,0.0,0.0,0.0
8ba4ab80bc11b13584f4a12a5303418dd6194840,0,0.0,0.0,0.0,0.0,0.0,0.0,0.0,0.0,0.0,0.0,0.0
9d3cf938e8bec5c23a1d900f71c926ac410a982e,0,0.0,0.0,0.0,0.0,0.0,0.0,0.0,0.0,0.0,0.0,0.0
39a5c114f6d69aa3f6bb8813258bac4116857856,0,0.0,0.0,0.0,0.0,0.0,0.0,0.0,0.0,0.0,0.0,0.0
844242bdd7fce39ca6c62c9f3322f1e167089eca,0,0.0,0.0,0.0,0.0,0.0,0.0,0.0,0.0,0.0,0.0,0.0
beabfbdbe6ba7d83b608f2d32a520ed85f947e2f,3,0.0,0.0,0.0,0.0,0.0,0.0,0.0,0.0,0.0,0.0,0.0
48a3661d846478fa991a825ebd10b78671444b5b,0,0.0,0.0,0.0,0.0,0.0,0.0,0.0,0.0,0.0,0.0,0.0
e540cdd1328b2b21e29a95405c301b9313b7c346,0,0.0,0.0,0.0,0.0,0.0,0.0,0.0,0.0,0.0,0.0,0.0
eb8d3fd3977bb570908ffc25e24391520747defb,0,0.0,0.0,0.0,0.0,0.0,0.0,0.0,0.0,0.0,0.0,0.0
035f4590735bcd76e718de0662004a724542d251,0,0.0,0.0,0.0,0.0,0.0,0.0,0.0,0.0,0.0,0.0,0.0
e540cdd1328b2b21e29a95405c301b9313b7c346,0,0.0,0.0,0.0,0.0,0.0,0.0,0.0,0.0,0.0,0.0,0.0
ae925ac7124c350f4b04605d380ec5e2ec350f7f,0,0.0,0.0,0.0,0.0,0.0,0.0,0.0,0.0,0.0,0.0,0.0
1939f247b3ae06244a8d50fa7dabbcc975c6fc4c,0,0.0,0.0,0.0,0.0,0.0,0.0,0.0,0.0,0.0,0.0,0.0
e540cdd1328b2b21e29a95405c301b9313b7c346,0,0.0,0.0,0.0,0.0,0.0,0.0,0.0,0.0,0.0,0.0,0.0
28c2d2cc36af4208377ac55850a4c686214e4945,0,0.0,0.0,0.0,0.0,0.0,0.0,0.0,0.0,0.0,0.0,0.0
9ead47a82a0d25985f22f10651d1f93b3abba317,0,0.0,0.0,0.0,0.0,0.0,0.0,0.0,0.0,0.0,0.0,0.0
ca3b3145562dd3345347975c35833b7e9a5f9361,0,0.0,0.0,0.0,0.0,0.0,0.0,0.0,0.0,0.0,0.0,0.0
8eb233bc7cc5bdb77de4025488f3151e632ccb33,0,0.0,0.0,0.0,0.0,0.0,0.0,0.0,0.0,0.0,0.0,0.0
db71ea226e9585b95e3da7426df044bf7281c552,0,0.0,0.0,0.0,0.0,0.0,0.0,0.0,0.0,0.0,0.0,0.0
13a4a11319d31c1b323d5774f44240a9ffc984d0,0,0.0,0.0,0.0,0.0,0.0,0.0,0.0,0.0,0.0,0.0,0.0
26b56c1bdfb048c3e46419fde332bab76deb2cd3,0,0.0,0.0,0.0,0.0,0.0,0.0,0.0,0.0,0.0,0.0,0.0
14091a9f2461267ee7e02525b4f1f2923f1c9849,0,0.0,0.0,0.0,0.0,0.0,0.0,0.0,0.0,0.0,0.0,0.0
b8406b595f86eb37e3c4696212fa330b5a90c01d,0,0.0,0.0,0.0,0.0,0.0,0.0,0.0,0.0,0.0,0.0,0.0
b911d9369d8751c1291ab800cb00cd9a89807358,0,0.0,0.0,0.0,0.0,0.0,0.0,0.0,0.0,0.0,0.0,0.0
329b71ca0b24e56a1d3da9c0b5e4f6c2992f3916,0,0.0,0.0,0.0,0.0,0.0,0.0,0.0,0.0,0.0,0.0,0.0
eb4e9d68cb77892dbfad8ce815c20049d56e7ae9,0,0.0,0.0,0.0,0.0,0.0,0.0,0.0,0.0,0.0,0.0,0.0
4c91330c57b1f26f16a92bbcb0653bc2a60a5b88,0,0.0,0.0,0.0,0.0,0.0,0.0,0.0,0.0,0.0,0.0,0.0
1939f247b3ae06244a8d50fa7dabbcc975c6fc4c,0,0.0,0.0,0.0,0.0,0.0,0.0,0.0,0.0,0.0,0.0,0.0
ae925ac7124c350f4b04605d380ec5e2ec350f7f,0,0.0,0.0,0.0,0.0,0.0,0.0,0.0,0.0,0.0,0.0,0.0
ae925ac7124c350f4b04605d380ec5e2ec350f7f,0,0.0,0.0,0.0,0.0,0.0,0.0,0.0,0.0,0.0,0.0,0.0
1939f247b3ae06244a8d50fa7dabbcc975c6fc4c,0,0.0,0.0,0.0,0.0,0.0,0.0,0.0,0.0,0.0,0.0,0.0
0576505021d3b98f4b805bf12ec09587d44e2f6d,0,0.0,0.0,0.0,0.0,0.0,0.0,0.0,0.0,0.0,0.0,0.0
9b6ef5a1a499923ea7c52002ec03583cd27287ea,0,0.0,0.0,0.0,0.0,0.0,0.0,0.0,0.0,0.0,0.0,0.0
52a9ce4a0d3c21f1c0c5dc576930fbb59ad74018,0,0.0,0.0,0.0,0.0,0.0,0.0,0.0,0.0,0.0,0.0,0.0
7babc233de26ab19ead1b9c278128d5c434910ee,0,0.0,0.0,0.0,0.0,0.0,0.0,0.0,0.0,0.0,0.0,0.0
1939f247b3ae06244a8d50fa7dabbcc975c6fc4c,0,0.0,0.0,0.0,0.0,0.0,0.0,0.0,0.0,0.0,0.0,0.0
80655da8d80aaaf92ce5357e7828dc09adb00993,0,0.0,0.0,0.0,0.0,0.0,0.0,0.0,0.0,0.0,0.0,0.0
e540cdd1328b2b21e29a95405c301b9313b7c346,2,0.0,0.0,0.0,0.0,0.0,0.0,0.0,0.0,0.0,0.0,0.0
61a7508ed1b04e9ada836fcd14d4d8ef5687c7dd,0,0.0,0.0,0.0,0.0,0.0,0.0,0.0,0.0,0.0,0.0,0.0
e10f6e70661d167ef514ab6e6d98607438c6a8c6,0,0.0,0.0,0.0,0.0,0.0,0.0,0.0,0.0,0.0,0.0,0.0
78349377c544e2c4c817b419dbe3e5777271dc4a,0,0.0,0.0,0.0,0.0,0.0,0.0,0.0,0.0,0.0,0.0,0.0
7babc233de26ab19ead1b9c278128d5c434910ee,0,0.0,0.0,0.0,0.0,0.0,0.0,0.0,0.0,0.0,0.0,0.0
1939f247b3ae06244a8d50fa7dabbcc975c6fc4c,0,0.0,0.0,0.0,0.0,0.0,0.0,0.0,0.0,0.0,0.0,0.0
e540cdd1328b2b21e29a95405c301b9313b7c346,0,0.0,0.0,0.0,0.0,0.0,0.0,0.0,0.0,0.0,0.0,0.0
ae925ac7124c350f4b04605d380ec5e2ec350f7f,0,0.0,0.0,0.0,0.0,0.0,0.0,0.0,0.0,0.0,0.0,0.0
4c91330c57b1f26f16a92bbcb0653bc2a60a5b88,0,0.0,0.0,0.0,0.0,0.0,0.0,0.0,0.0,0.0,0.0,0.0
1939f247b3ae06244a8d50fa7dabbcc975c6fc4c,0,0.0,0.0,0.0,0.0,0.0,0.0,0.0,0.0,0.0,0.0,0.0
e540cdd1328b2b21e29a95405c301b9313b7c346,0,0.0,0.0,0.0,0.0,0.0,0.0,0.0,0.0,0.0,0.0,0.0
ce15802a8c5e8e9db0ffaf10130ef265296e9ea4,0,0.0,0.0,0.0,0.0,0.0,0.0,0.0,0.0,0.0,0.0,0.0
75a0ee1ba911f2f5199177dfd31808a12511bbdc,0,0.0,0.0,0.0,0.0,0.0,0.0,0.0,0.0,0.0,0.0,0.0
a471cda634819a161700bee24f93e7a6d44af6ca,0,0.0,0.0,0.0,0.0,0.0,0.0,0.0,0.0,0.0,0.0,0.0
fc94635464f16882d4890c6f7270f4a7082d3ec9,0,0.0,0.0,0.0,0.0,0.0,0.0,0.0,0.0,0.0,0.0,0.0
b2f57c439657c213690c9620b36ae702834170ac,0,0.0,0.0,0.0,0.0,0.0,0.0,0.0,0.0,0.0,0.0,0.0
3e847f8dd5855fd9b1ed98493dbeba7e3003609a,0,0.0,0.0,0.0,0.0,0.0,0.0,0.0,0.0,0.0,0.0,0.0
5e98b7d45609de47686df3cf3bbdd1f51637888b,0,0.0,0.0,0.0,0.0,0.0,0.0,0.0,0.0,0.0,0.0,0.0
42458b48dc04a7f9504b2dcf0fb83d8f35642cd3,0,0.0,0.0,0.0,0.0,0.0,0.0,0.0,0.0,0.0,0.0,0.0
75e2403e3c2986230efb32f1fddd2ca972821aa1,0,0.0,0.0,0.0,0.0,0.0,0.0,0.0,0.0,0.0,0.0,0.0
9e57b097ac0fe77097e71ac3109d42c31737ff55,0,0.0,0.0,0.0,0.0,0.0,0.0,0.0,0.0,0.0,0.0,0.0
05a8f4a523bcc094d41e4db9c9ed088284252359,0,0.0,0.0,0.0,0.0,0.0,0.0,0.0,0.0,0.0,0.0,0.0
f9c64311f9eae83f4f0fd9e2e28cc73ca747f23d,0,0.0,0.0,0.0,0.0,0.0,0.0,0.0,0.0,0.0,0.0,0.0
dd83125f98d153e7572815ff514a3b9f54156507,0,0.0,0.0,0.0,0.0,0.0,0.0,0.0,0.0,0.0,0.0,0.0
1925f793093581c47a5c6b2e414506b1cbae280d,0,0.0,0.0,0.0,0.0,0.0,0.0,0.0,0.0,0.0,0.0,0.0
cbe951ebd3f04c3863af2b1e2b59985b18b614f5,0,0.0,0.0,0.0,0.0,0.0,0.0,0.0,0.0,0.0,0.0,0.0
2903e6f0a5bd27ed64f6f2b2f2bde728e6d7cbc3,0,0.0,0.0,0.0,0.0,0.0,0.0,0.0,0.0,0.0,0.0,0.0
85e6e99d87e50cbcc3ef9767e75ca6735490794a,0,0.0,0.0,0.0,0.0,0.0,0.0,0.0,0.0,0.0,0.0,0.0
10f5ebe6acb4467b71602be4c4fdb44c44fa26b6,2,0.0,0.0,0.0,0.0,0.0,0.0,0.0,0.0,0.0,0.0,0.0
1925f793093581c47a5c6b2e414506b1cbae280d,0,0.0,0.0,0.0,0.0,0.0,0.0,0.0,0.0,0.0,0.0,0.0
65936c8c9c58d35e9ba694b645ae7a20c6a9d96e,0,0.0,0.0,0.0,0.0,0.0,0.0,0.0,0.0,0.0,0.0,0.0
9581ccba793fd2b21cfd661c5c7c228d1f44d983,0,0.0,0.0,0.0,0.0,0.0,0.0,0.0,0.0,0.0,0.0,0.0
7e8ec2406cb3dde69d297f6c54c624894247566a,0,0.0,0.0,0.0,0.0,0.0,0.0,0.0,0.0,0.0,0.0,0.0
484d5719bfc544cbf7f806c4b21a844111b35595,1,0.0,0.0,0.0,0.0,0.0,0.0,0.0,0.0,0.0,0.0,0.0
0504a1c18a305469288122cba48db452633f0357,0,0.0,0.0,0.0,0.0,0.0,0.0,0.0,0.0,0.0,0.0,0.0
67eabd57c8cc5e24bbc171ffd311dba107e79b45,0,0.0,0.0,0.0,0.0,0.0,0.0,0.0,0.0,0.0,0.0,0.0
e26076ffcb08a81fada86cc03c61c19488713124,0,0.0,0.0,0.0,0.0,0.0,0.0,0.0,0.0,0.0,0.0,0.0
ce5559c1766f228a02e31defb428c29e13030529,0,0.0,0.0,0.0,0.0,0.0,0.0,0.0,0.0,0.0,0.0,0.0
14237b2339187c05943432d4dba49135a2854cdd,0,0.0,0.0,0.0,0.0,0.0,0.0,0.0,0.0,0.0,0.0,0.0
ea766e47406690c82eaeb551ba63d99ecae41802,0,0.0,0.0,0.0,0.0,0.0,0.0,0.0,0.0,0.0,0.0,0.0
ab392c89f137ac86ea23a9135336171513db0867,0,0.0,0.0,0.0,0.0,0.0,0.0,0.0,0.0,0.0,0.0,0.0
b0dba9090c6e42e6d9250b3666fdcd7346facaf5,0,0.0,0.0,0.0,0.0,0.0,0.0,0.0,0.0,0.0,0.0,0.0
c99eaba53453eb9bf06c19b13d018552a4d0a169,0,0.0,0.0,0.0,0.0,0.0,0.0,0.0,0.0,0.0,0.0,0.0
29195722b8a6be7f783bac7cf681915a29eb8fa7,0,0.0,0.0,0.0,0.0,0.0,0.0,0.0,0.0,0.0,0.0,0.0
1e5dcbb59b753cb1d46e234d8f6180285b8b86ad,0,0.0,0.0,0.0,0.0,0.0,0.0,0.0,0.0,0.0,0.0,0.0
395777f8b50476a108c6a1df0386069175ee519e,0,0.0,0.0,0.0,0.0,0.0,0.0,0.0,0.0,0.0,0.0,0.0
11d843b5c5207a022c5c8b4c70595ef33cda833d,0,0.0,0.0,0.0,0.0,0.0,0.0,0.0,0.0,0.0,0.0,0.0
29195722b8a6be7f783bac7cf681915a29eb8fa7,0,0.0,0.0,0.0,0.0,0.0,0.0,0.0,0.0,0.0,0.0,0.0
faff7448bb3f4aa336de436fa6766c9824c4df9a,2,0.0,0.0,0.0,0.0,0.0,0.0,0.0,0.0,0.0,0.0,0.0
c6ddc76c2c96528023e7ff96cd7eaf3482f33fc9,1,0.0,0.0,0.0,0.0,0.0,0.0,0.0,0.0,0.0,0.0,0.0
9fbaa9aad13fc56bcbf2577ae1c58a7bcffe4e5e,1,0.0,0.0,0.0,0.0,0.0,0.0,0.0,0.0,0.0,0.0,0.0
e1f65ca362359d847435dd299269ef809090ece5,0,0.0,0.0,0.0,0.0,0.0,0.0,0.0,0.0,0.0,0.0,0.0
4f8278c89ad16da05fec4fdfc61fe44798b92720,0,0.0,0.0,0.0,0.0,0.0,0.0,0.0,0.0,0.0,0.0,0.0
1939f247b3ae06244a8d50fa7dabbcc975c6fc4c,0,0.0,0.0,0.0,0.0,0.0,0.0,0.0,0.0,0.0,0.0,0.0
ae925ac7124c350f4b04605d380ec5e2ec350f7f,0,0.0,0.0,0.0,0.0,0.0,0.0,0.0,0.0,0.0,0.0,0.0
ef78334a54dba7c65256908e59beee42692100fe,0,0.0,0.0,0.0,0.0,0.0,0.0,0.0,0.0,0.0,0.0,0.0
0576505021d3b98f4b805bf12ec09587d44e2f6d,0,0.0,0.0,0.0,0.0,0.0,0.0,0.0,0.0,0.0,0.0,0.0
e540cdd1328b2b21e29a95405c301b9313b7c346,0,0.0,0.0,0.0,0.0,0.0,0.0,0.0,0.0,0.0,0.0,0.0
131b6ec8486125a1fccfa18e5689036f59d76560,0,0.0,0.0,0.0,0.0,0.0,0.0,0.0,0.0,0.0,0.0,0.0
1939f247b3ae06244a8d50fa7dabbcc975c6fc4c,0,0.0,0.0,0.0,0.0,0.0,0.0,0.0,0.0,0.0,0.0,0.0
ae925ac7124c350f4b04605d380ec5e2ec350f7f,0,0.0,0.0,0.0,0.0,0.0,0.0,0.0,0.0,0.0,0.0,0.0
0576505021d3b98f4b805bf12ec09587d44e2f6d,0,0.0,0.0,0.0,0.0,0.0,0.0,0.0,0.0,0.0,0.0,0.0
1939f247b3ae06244a8d50fa7dabbcc975c6fc4c,0,0.0,0.0,0.0,0.0,0.0,0.0,0.0,0.0,0.0,0.0,0.0
e540cdd1328b2b21e29a95405c301b9313b7c346,1,0.0,0.0,0.0,0.0,0.0,0.0,0.0,0.0,0.0,0.0,0.0
747b66411f61c3165435f31a81fd84e2aa8fe024,0,0.0,0.0,0.0,0.0,0.0,0.0,0.0,0.0,0.0,0.0,0.0
0f6a24fa439e992bc7919aa2d949c05077899adc,0,0.0,0.0,0.0,0.0,0.0,0.0,0.0,0.0,0.0,0.0,0.0
bfef13e9c1d456ece113cf9ac646098f89ad66db,0,0.0,0.0,0.0,0.0,0.0,0.0,0.0,0.0,0.0,0.0,0.0
9b7c68a918b17eb053809b198d7c9abfc142f30a,0,0.0,0.0,0.0,0.0,0.0,0.0,0.0,0.0,0.0,0.0,0.0
db99845855b2ecbfecca9a095062b96c3e27703f,0,1.0,1.0,0.0,0.0,0.0,0.0,0.0,0.0,0.0,0.0,0.0
7875dffd588b7b09366a75dc8172a4397c52d249,0,0.0,0.0,0.0,0.0,0.0,0.0,0.0,0.0,0.0,0.0,0.0
a471cda634819a161700bee24f93e7a6d44af6ca,0,0.0,0.0,0.0,0.0,0.0,0.0,0.0,0.0,0.0,0.0,0.0
b2f57c439657c213690c9620b36ae702834170ac,0,0.0,0.0,0.0,0.0,0.0,0.0,0.0,0.0,0.0,0.0,0.0
3aaea1de59ab73fe73a01de6b07334dcb2308fcb,0,0.0,0.0,0.0,0.0,0.0,0.0,0.0,0.0,0.0,0.0,0.0
ece06d578f8651c5f59cbbc3846ff97de7e3e4fb,0,0.0,0.0,0.0,0.0,0.0,0.0,0.0,0.0,0.0,0.0,0.0
3335f6618bf18f214593573dff0292c21c9d2bf3,0,0.0,0.0,0.0,0.0,0.0,0.0,0.0,0.0,0.0,0.0,0.0
19288fd9a5a8ee2d70ca0fb6fe55ea417c578042,0,0.0,0.0,0.0,0.0,0.0,0.0,0.0,0.0,0.0,0.0,0.0
9a68e01c7688ce17c7abbee8753af718a9d3d588,0,0.0,0.0,0.0,0.0,0.0,0.0,0.0,0.0,0.0,0.0,0.0
e299261ab0e7b4acc4bf44724d34166bd2652b6e,0,0.0,0.0,0.0,0.0,0.0,0.0,0.0,0.0,0.0,0.0,0.0
79f88c595ba55a0f7a10b7c8e62492cd61d9cc99,0,0.0,0.0,0.0,0.0,0.0,0.0,0.0,0.0,0.0,0.0,0.0
b47597791bacb9ca4d6ebdaab34a9fef88ef13d5,0,0.0,0.0,0.0,0.0,0.0,0.0,0.0,0.0,0.0,0.0,0.0
4cbd9ea717720535f6d701ec738d99eca69b4d8d,0,0.0,0.0,0.0,0.0,0.0,0.0,0.0,0.0,0.0,0.0,0.0
3c75c394db4cb8f88996bd65163cfcb28a6e1a05,0,0.0,0.0,0.0,0.0,0.0,0.0,0.0,0.0,0.0,0.0,0.0
7ee60223439ef362fa63e38c240cf1d4fbda78a3,0,0.0,0.0,0.0,0.0,0.0,0.0,0.0,0.0,0.0,0.0,0.0
806b7274fbddee18218c61bc9855717086173c84,0,0.0,0.0,0.0,0.0,0.0,0.0,0.0,0.0,0.0,0.0,0.0
f62b96d0b5e0691380dc85ec498cb63d01bef6e5,0,0.0,0.0,0.0,0.0,0.0,0.0,0.0,0.0,0.0,0.0,0.0
9d129ff7e4c5f82f6ced187494eabc790e40af2f,0,0.0,0.0,0.0,0.0,0.0,0.0,0.0,0.0,0.0,0.0,0.0
4db5701d37b3b62b21e3ea3ee9a0bd050a3bbd3a,0,0.0,0.0,0.0,0.0,0.0,0.0,0.0,0.0,0.0,0.0,0.0
0a5413656fdd73518d4534129efd7b7732937e11,0,0.0,0.0,0.0,0.0,0.0,0.0,0.0,0.0,0.0,0.0,0.0
daa5b567fa8bb348bd5173c9d779f58e46da5ea7,0,0.0,0.0,0.0,0.0,0.0,0.0,0.0,0.0,0.0,0.0,0.0
07f06d9cf675a4b6f40d8406d8db4cd7a32b1b43,0,0.0,0.0,0.0,0.0,0.0,0.0,0.0,0.0,0.0,0.0,0.0
5cb1c8e5374d0c1eded067845ab7e566925e9d1f,0,0.0,0.0,0.0,0.0,0.0,0.0,0.0,0.0,0.0,0.0,0.0
d6454edb68387bc8ba38b2daebdb5c1140e74119,0,0.0,0.0,0.0,0.0,0.0,0.0,0.0,0.0,0.0,0.0,0.0
66ac6c530a9133ed3459758f40bdf3b63e7d4102,0,0.0,0.0,0.0,0.0,0.0,0.0,0.0,0.0,0.0,0.0,0.0
a1488fc81d74bcb7ba334bd916815078b6deec73,0,0.0,0.0,0.0,0.0,0.0,0.0,0.0,0.0,0.0,0.0,0.0
897451f582d55c4de90856cd9e39d092ff8399e3,0,0.0,0.0,0.0,0.0,0.0,0.0,0.0,0.0,0.0,0.0,0.0
b3ae05a394b620df3177ca36313c88f4b63c4d02,0,0.0,0.0,0.0,0.0,0.0,0.0,0.0,0.0,0.0,0.0,0.0
1939f247b3ae06244a8d50fa7dabbcc975c6fc4c,0,0.0,0.0,0.0,0.0,0.0,0.0,0.0,0.0,0.0,0.0,0.0
ae925ac7124c350f4b04605d380ec5e2ec350f7f,0,0.0,0.0,0.0,0.0,0.0,0.0,0.0,0.0,0.0,0.0,0.0
0576505021d3b98f4b805bf12ec09587d44e2f6d,0,0.0,0.0,0.0,0.0,0.0,0.0,0.0,0.0,0.0,0.0,0.0
1939f247b3ae06244a8d50fa7dabbcc975c6fc4c,0,0.0,0.0,0.0,0.0,0.0,0.0,0.0,0.0,0.0,0.0,0.0
8845f3c255afd3a760557103263d63682d1e410c,0,0.0,0.0,0.0,0.0,0.0,0.0,0.0,0.0,0.0,0.0,0.0
04a63bb2b7dcfd7c806b44d68d173d68870f3aec,0,0.0,0.0,0.0,0.0,0.0,0.0,0.0,0.0,0.0,0.0,0.0
1625e5edf7e717842d246e19419468e1b36adb44,0,0.0,0.0,0.0,0.0,0.0,0.0,0.0,0.0,0.0,0.0,0.0
f26a4b0d2539d8fda79f47d81a3bd73a51f40716,0,0.0,0.0,0.0,0.0,0.0,0.0,0.0,0.0,0.0,0.0,0.0
348d91d240ac07a735462c73deea5c5d128761d8,0,0.0,0.0,0.0,0.0,0.0,0.0,0.0,0.0,0.0,0.0,0.0
e540cdd1328b2b21e29a95405c301b9313b7c346,0,0.0,0.0,0.0,0.0,0.0,0.0,0.0,0.0,0.0,0.0,0.0
d28d2b77fa489ab5252d57c24a900533eb9bab17,0,0.0,0.0,0.0,0.0,0.0,0.0,0.0,0.0,0.0,0.0,0.0
a76387d8c82a60042983fbb2e1c5a135a50449ff,0,0.0,0.0,0.0,0.0,0.0,0.0,0.0,0.0,0.0,0.0,0.0
a11d4ed6d9a21283eda849659194d43c34ef25a7,0,0.0,0.0,0.0,0.0,0.0,0.0,0.0,0.0,0.0,0.0,0.0
1939f247b3ae06244a8d50fa7dabbcc975c6fc4c,0,0.0,0.0,0.0,0.0,0.0,0.0,0.0,0.0,0.0,0.0,0.0
0576505021d3b98f4b805bf12ec09587d44e2f6d,0,0.0,0.0,0.0,0.0,0.0,0.0,0.0,0.0,0.0,0.0,0.0
9506aa11a4ed54001789db2d8c7f32815dbe740e,0,0.0,0.0,0.0,0.0,0.0,0.0,0.0,0.0,0.0,0.0,0.0
e540cdd1328b2b21e29a95405c301b9313b7c346,1,0.0,0.0,0.0,0.0,0.0,0.0,0.0,0.0,0.0,0.0,0.0
310ec4e6213b134f6c2813bed00192195a756ee0,0,0.0,0.0,0.0,0.0,0.0,0.0,0.0,0.0,0.0,0.0,0.0
ae925ac7124c350f4b04605d380ec5e2ec350f7f,0,0.0,0.0,0.0,0.0,0.0,0.0,0.0,0.0,0.0,0.0,0.0
fccd2cec47d1bc484a67a06a024e497eb44e4153,0,0.0,0.0,0.0,0.0,0.0,0.0,0.0,0.0,0.0,0.0,0.0
e7b5001882bf52229cba5cae2852f553176f33ef,0,0.0,0.0,0.0,0.0,0.0,0.0,0.0,0.0,0.0,0.0,0.0
eae7d3b7371115a057c761f259cc54c3225ecd11,0,0.0,0.0,0.0,0.0,0.0,0.0,0.0,0.0,0.0,0.0,0.0
7d223c542aa490a58fb51b7b6b987ae1d9ef5dd5,0,0.0,0.0,0.0,0.0,0.0,0.0,0.0,0.0,0.0,0.0,0.0
28a462944e071e9d61b5f8469419cb55f94090dd,0,0.0,0.0,0.0,0.0,0.0,0.0,0.0,0.0,0.0,0.0,0.0
1909b499f15073ed9e30d0ef89d9659bd69648d6,0,0.0,0.0,0.0,0.0,0.0,0.0,0.0,0.0,0.0,0.0,0.0
0d2acba03aa0564959bfa96acad28f786d4488ef,0,0.0,0.0,0.0,0.0,0.0,0.0,0.0,0.0,0.0,0.0,0.0
fbc50791fdb9bfbc1e0d6bdac860bd3d9cd657ff,0,0.0,0.0,0.0,0.0,0.0,0.0,0.0,0.0,0.0,0.0,0.0
7873a7e33c8c357b1e2158065276c5a38c8cd86c,0,0.0,0.0,0.0,0.0,0.0,0.0,0.0,0.0,0.0,0.0,0.0
1cd7dc81718712ecfce5da77f522ee5c8bc8ffea,0,0.0,0.0,0.0,0.0,0.0,0.0,0.0,0.0,0.0,0.0,0.0
4e066065dcfa147c1fdfd7dc30aa480cbece70eb,0,0.0,0.0,0.0,0.0,0.0,0.0,0.0,0.0,0.0,0.0,0.0
f379bff38cee523fce30265f5c7b77a5d46babe9,0,0.0,0.0,0.0,0.0,0.0,0.0,0.0,0.0,0.0,0.0,0.0
6f090019861f07bdd8d5e94763edf029ac8db051,0,0.0,0.0,0.0,0.0,0.0,0.0,0.0,0.0,0.0,0.0,0.0
a3ee116cd0146f660c322492d896c8698b58e61c,0,0.0,0.0,0.0,0.0,0.0,0.0,0.0,0.0,0.0,0.0,0.0
f5a5c5cbf16739b77a4e0501b278354a56c88913,0,0.0,0.0,0.0,0.0,0.0,0.0,0.0,0.0,0.0,0.0,0.0
bec686bf3855dad2094eb139b80b10a35c8bc05f,0,0.0,0.0,0.0,0.0,0.0,0.0,0.0,0.0,0.0,0.0,0.0
0320c61d5e379e9510a3cf049cb780eee25e43f3,0,0.0,0.0,0.0,0.0,0.0,0.0,0.0,0.0,0.0,0.0,0.0
8dd1947a2bde303c4bab987ec1fd3a8ed8bd4ab8,0,0.0,0.0,0.0,0.0,0.0,0.0,0.0,0.0,0.0,0.0,0.0
ae217aacb6015f8c74b97b0ba86633c3b31b2ab8,0,0.0,0.0,0.0,0.0,0.0,0.0,0.0,0.0,0.0,0.0,0.0
9b528f19056a1dce1b921a63cce34e9ec949dafb,0,0.0,0.0,0.0,0.0,0.0,0.0,0.0,0.0,0.0,0.0,0.0
d4d4bdda82f0ea75858dd9a1ca9232f992ffe075,0,0.0,0.0,0.0,0.0,0.0,0.0,0.0,0.0,0.0,0.0,0.0
232bf9d932020fae97866df9c2bdec6237a473e7,0,0.0,0.0,0.0,0.0,0.0,0.0,0.0,0.0,0.0,0.0,0.0
592f1687246ca6f28439ccf440ccf177aa9c14d0,0,0.0,0.0,0.0,0.0,0.0,0.0,0.0,0.0,0.0,0.0,0.0
22d595cdffd17619bb3450b1a539bd14e7b5c60c,0,0.0,0.0,0.0,0.0,0.0,0.0,0.0,0.0,0.0,0.0,0.0
8f390a7bdbfcbb111409a2e4b8b859eb62916fcd,0,0.0,0.0,0.0,0.0,0.0,0.0,0.0,0.0,0.0,0.0,0.0
3de4f901fffb30ac720b0e7eb654b4faa2dd03fa,0,0.0,0.0,0.0,0.0,0.0,0.0,0.0,0.0,0.0,0.0,0.0
1976df36944353bceb7a24d8d0a480dc0b83d403,0,0.0,0.0,0.0,0.0,0.0,0.0,0.0,0.0,0.0,0.0,0.0
32c123c23dd7840bdce06c0649f5d8c0c9cd17dd,0,0.0,0.0,0.0,0.0,0.0,0.0,0.0,0.0,0.0,0.0,0.0
2078f3c79427919a3b1a28d2e284710f3c0033f0,0,0.0,0.0,0.0,0.0,0.0,0.0,0.0,0.0,0.0,0.0,0.0
652a2b4532b1310b245ff9e3b0233c2f6ddd1225,0,0.0,0.0,0.0,0.0,0.0,0.0,0.0,0.0,0.0,0.0,0.0
2ff2dfe36322448c6953616740a910be57bbd4ca,0,0.0,0.0,0.0,0.0,0.0,0.0,0.0,0.0,0.0,0.0,0.0
78fac75e81dd6c8962e7d56538a360ca5a6fcc57,0,0.0,0.0,0.0,0.0,0.0,0.0,0.0,0.0,0.0,0.0,0.0
1939f247b3ae06244a8d50fa7dabbcc975c6fc4c,0,0.0,0.0,0.0,0.0,0.0,0.0,0.0,0.0,0.0,0.0,0.0
78fac75e81dd6c8962e7d56538a360ca5a6fcc57,0,0.0,0.0,0.0,0.0,0.0,0.0,0.0,0.0,0.0,0.0,0.0
ae925ac7124c350f4b04605d380ec5e2ec350f7f,0,0.0,0.0,0.0,0.0,0.0,0.0,0.0,0.0,0.0,0.0,0.0
ea1a103c3fd29a4f270dff950c1bc8b279b85a79,0,0.0,0.0,0.0,0.0,0.0,0.0,0.0,0.0,0.0,0.0,0.0
ae925ac7124c350f4b04605d380ec5e2ec350f7f,0,0.0,0.0,0.0,0.0,0.0,0.0,0.0,0.0,0.0,0.0,0.0
e540cdd1328b2b21e29a95405c301b9313b7c346,0,0.0,0.0,0.0,0.0,0.0,0.0,0.0,0.0,0.0,0.0,0.0
78fac75e81dd6c8962e7d56538a360ca5a6fcc57,0,0.0,0.0,0.0,0.0,0.0,0.0,0.0,0.0,0.0,0.0,0.0
1939f247b3ae06244a8d50fa7dabbcc975c6fc4c,0,0.0,0.0,0.0,0.0,0.0,0.0,0.0,0.0,0.0,0.0,0.0
1939f247b3ae06244a8d50fa7dabbcc975c6fc4c,0,0.0,0.0,0.0,0.0,0.0,0.0,0.0,0.0,0.0,0.0,0.0
a06f844dd96ff0109bd1c9d05323623ee2df49b6,0,0.0,0.0,0.0,0.0,0.0,0.0,0.0,0.0,0.0,0.0,0.0
af3281b0800b00d14824c92b4b852b42cb5148f0,0,0.0,0.0,0.0,0.0,0.0,0.0,0.0,0.0,0.0,0.0,0.0
9b7c68a918b17eb053809b198d7c9abfc142f30a,0,0.0,0.0,0.0,0.0,0.0,0.0,0.0,0.0,0.0,0.0,0.0
c398afcc28df1f61d87d1b6a03f5ed3754766c4c,0,0.0,0.0,0.0,0.0,0.0,0.0,0.0,0.0,0.0,0.0,0.0
5dbc716c4600097b85b9e51d6aeb77a4363b03ed,0,0.0,0.0,0.0,0.0,0.0,0.0,0.0,0.0,0.0,0.0,0.0
89add9adcae083e806e85d1955e79839776fec33,0,0.0,0.0,0.0,0.0,0.0,0.0,0.0,0.0,0.0,0.0,0.0
37eca5751d1f6d7dfe5688efc6d86da3dd09c16f,0,0.0,0.0,0.0,0.0,0.0,0.0,0.0,0.0,0.0,0.0,0.0
2871bad14d80a422ddda16b8ccd3c1d24e59bea9,0,0.0,0.0,0.0,0.0,0.0,0.0,0.0,0.0,0.0,0.0,0.0
a68046ef8b170ab8d55f84e32656cc96c3e75908,0,0.0,0.0,0.0,0.0,0.0,0.0,0.0,0.0,0.0,0.0,0.0
61a7ecfcb408a7251a700f914e31747ffc7df96b,0,0.0,0.0,0.0,0.0,0.0,0.0,0.0,0.0,0.0,0.0,0.0
1e1a4759363299fbbe133036377dd47eb96087d0,0,0.0,0.0,0.0,0.0,0.0,0.0,0.0,0.0,0.0,0.0,0.0
d482f4dd468020fd151190f50c5885e9944a1d97,0,0.0,0.0,0.0,0.0,0.0,0.0,0.0,0.0,0.0,0.0,0.0
bfa875a023b647271785e32a727d3c92a28d957b,0,0.0,0.0,0.0,0.0,0.0,0.0,0.0,0.0,0.0,0.0,0.0
44ec063f6393f4f466f07cc72ac708c22e8dfeda,0,0.0,0.0,0.0,0.0,0.0,0.0,0.0,0.0,0.0,0.0,0.0
72356bf66ad41eaf1a5195b857bf117fd778e3a5,0,0.0,0.0,0.0,0.0,0.0,0.0,0.0,0.0,0.0,0.0,0.0
7ef62079c0a56b5906b58c63d7819b7a4ace190b,0,0.0,0.0,0.0,0.0,0.0,0.0,0.0,0.0,0.0,0.0,0.0
c29644df62db63bc430315a7179fac079e401f26,0,0.0,0.0,0.0,0.0,0.0,0.0,0.0,0.0,0.0,0.0,0.0
4cd9153487e0f15fa94282487f3ab79b675adeb6,0,0.0,0.0,0.0,0.0,0.0,0.0,0.0,0.0,0.0,0.0,0.0
b906fbf64df2328a2f80f391a359c14fab896d03,0,0.0,0.0,0.0,0.0,0.0,0.0,0.0,0.0,0.0,0.0,0.0
2fe6d5092b7462af9e56ff46a30d62665876ab30,0,0.0,0.0,0.0,0.0,0.0,0.0,0.0,0.0,0.0,0.0,0.0
e08b84bd1e20aaae04a6a8508ded71beeea76db0,0,0.0,0.0,0.0,0.0,0.0,0.0,0.0,0.0,0.0,0.0,0.0
f57c11153c7616894bcd4333946b51b6149f6f57,0,0.0,0.0,0.0,0.0,0.0,0.0,0.0,0.0,0.0,0.0,0.0
5caea7c544b621e8e97695781ce776daa5ff43e2,0,0.0,0.0,0.0,0.0,0.0,0.0,0.0,0.0,0.0,0.0,0.0
e2a38a4dfa840edecc5f0593b89fff70f5557500,0,0.0,0.0,0.0,0.0,0.0,0.0,0.0,0.0,0.0,0.0,0.0
e3f5f3859d5036ba427158a11687cec87122c410,0,0.0,0.0,0.0,0.0,0.0,0.0,0.0,0.0,0.0,0.0,0.0
702f404aab46adc7a791376df0194de9bdced143,0,0.0,0.0,0.0,0.0,0.0,0.0,0.0,0.0,0.0,0.0,0.0
df888f03acba710b62d7f5f5405a52a6ca4ab732,1,0.0,0.0,0.0,0.0,0.0,0.0,0.0,0.0,0.0,0.0,0.0
1939f247b3ae06244a8d50fa7dabbcc975c6fc4c,0,0.0,0.0,0.0,0.0,0.0,0.0,0.0,0.0,0.0,0.0,0.0
257f005fbc81a82a298a580736f62ec957f8b6d7,0,0.0,0.0,0.0,0.0,0.0,0.0,0.0,0.0,0.0,0.0,0.0
e9cdb42af9ecd861c140c449af8f3fe3577b6a03,0,0.0,0.0,0.0,0.0,0.0,0.0,0.0,0.0,0.0,0.0,0.0
e540cdd1328b2b21e29a95405c301b9313b7c346,0,0.0,0.0,0.0,0.0,0.0,0.0,0.0,0.0,0.0,0.0,0.0
b83808f16c59e88a41183ab3009a81f813c15253,0,0.0,0.0,0.0,0.0,0.0,0.0,0.0,0.0,0.0,0.0,0.0
667503358b4b35c98a25717c1323b48348201ab2,0,0.0,0.0,0.0,0.0,0.0,0.0,0.0,0.0,0.0,0.0,0.0
5ba791989161b2f47b737361901bd6378b773f81,0,0.0,0.0,0.0,0.0,0.0,0.0,0.0,0.0,0.0,0.0,0.0
2a7ab6c8700d9ef886653468a2ea6cc99fd6f161,0,0.0,0.0,0.0,0.0,0.0,0.0,0.0,0.0,0.0,0.0,0.0
3011975b8d53d1fb00419c1cebfe2ed7b99fb6e4,0,0.0,0.0,0.0,0.0,0.0,0.0,0.0,0.0,0.0,0.0,0.0
27856131ac13f0370ba9f0c544a2ac390c744421,0,0.0,0.0,0.0,0.0,0.0,0.0,0.0,0.0,0.0,0.0,0.0
3b882075417b08b0f65f864799981e50f0958c58,0,0.0,0.0,0.0,0.0,0.0,0.0,0.0,0.0,0.0,0.0,0.0
c671facb4e25d6c73c69cebf90a5c59731ab328c,0,0.0,0.0,0.0,0.0,0.0,0.0,0.0,0.0,0.0,0.0,0.0
ad00d48e6b06f6d5b4a42d4366aba750d5cac2cf,0,0.0,0.0,0.0,0.0,0.0,0.0,0.0,0.0,0.0,0.0,0.0
9629402ca98e7b96036782456168a956f652683e,0,0.0,0.0,0.0,0.0,0.0,0.0,0.0,0.0,0.0,0.0,0.0
55525e1b3dfd8787fd202aed45fb04494e3242d0,0,0.0,0.0,0.0,0.0,0.0,0.0,0.0,0.0,0.0,0.0,0.0
82668d1a91786001028e72ea2c40cd8e51dc1ab0,0,0.0,0.0,0.0,0.0,0.0,0.0,0.0,0.0,0.0,0.0,0.0
5bf85d4f749029cc3cc83abd69336e28dbbbecac,0,0.0,0.0,0.0,0.0,0.0,0.0,0.0,0.0,0.0,0.0,0.0
72440d48fad4ee7df66025fe07dcf89e5e5e413e,0,0.0,0.0,0.0,0.0,0.0,0.0,0.0,0.0,0.0,0.0,0.0
9a694325bc0973cfadd38a9d9432954b3c53a378,0,0.0,0.0,0.0,0.0,0.0,0.0,0.0,0.0,0.0,0.0,0.0
e4727967eb700b976dc5db6a2e589deef7594653,0,2.0,2.0,0.0,0.0,0.0,0.0,0.0,0.0,0.0,0.0,0.0
b30fc7d62cb7a29c6c3b7070d7326338a116f4e4,3,0.0,0.0,0.0,0.0,0.0,0.0,0.0,0.0,0.0,0.0,0.0
fe2979b0189f4e9c3f2e1743737103269f12bc88,0,0.0,0.0,0.0,0.0,0.0,0.0,0.0,0.0,0.0,0.0,0.0
eb6f5ae01230f77fb763654d14880bed4e177c17,0,0.0,0.0,0.0,0.0,0.0,0.0,0.0,0.0,0.0,0.0,0.0
affe6354d3a779973bb652509f44eed282a0c3cb,0,0.0,0.0,0.0,0.0,0.0,0.0,0.0,0.0,0.0,0.0,0.0
0284c6ac58cb47bb52e427007beee58e0132bf71,2,0.0,0.0,0.0,0.0,0.0,0.0,0.0,0.0,0.0,0.0,0.0
0576505021d3b98f4b805bf12ec09587d44e2f6d,0,0.0,0.0,0.0,0.0,0.0,0.0,0.0,0.0,0.0,0.0,0.0
e540cdd1328b2b21e29a95405c301b9313b7c346,0,0.0,0.0,0.0,0.0,0.0,0.0,0.0,0.0,0.0,0.0,0.0
7171ece6ecbadabb3c2650426cd2f49b6a4c79a9,1,0.0,0.0,0.0,0.0,0.0,0.0,0.0,0.0,0.0,0.0,0.0
072c5517df10245db549de2f5cb68dd57202a80a,0,0.0,0.0,0.0,0.0,0.0,0.0,0.0,0.0,0.0,0.0,0.0
0a25ba5991316bdda4a9b3abcee2106016df28a0,1,2.0,2.0,0.0,0.0,0.0,0.0,0.0,0.0,0.0,0.0,0.0
dc7f37c798b6bca9e59521fcc1e18b680f31968c,0,0.0,0.0,0.0,0.0,0.0,0.0,0.0,0.0,0.0,0.0,0.0
e92a43f79023cc4ca4a7ada4e22a1a8164ad1d84,0,0.0,0.0,0.0,0.0,0.0,0.0,0.0,0.0,0.0,0.0,0.0
387b2314ee396879a593d230f09111a61136bbbb,0,0.0,0.0,0.0,0.0,0.0,0.0,0.0,0.0,0.0,0.0,0.0
1f58147f3be9fe90a58d87461a660dfd6cf89e16,0,0.0,0.0,0.0,0.0,0.0,0.0,0.0,0.0,0.0,0.0,0.0
3d5b43f449a9ddf2a91fe2529e3126b8b721e082,0,0.0,0.0,0.0,0.0,0.0,0.0,0.0,0.0,0.0,0.0,0.0
446fbb7c597c64195792f119809e35eb44d5d563,0,0.0,0.0,0.0,0.0,0.0,0.0,0.0,0.0,0.0,0.0,0.0
fcbe52802d752d317c07102ff9466219f4405747,0,0.0,0.0,0.0,0.0,0.0,0.0,0.0,0.0,0.0,0.0,0.0
ee35c7a9bb82341f2b76ff33dc247f90e851526f,0,0.0,0.0,0.0,0.0,0.0,0.0,0.0,0.0,0.0,0.0,0.0
7d5ee2962d8c059ca7dbb5faa1a43cd30a0b85be,0,0.0,0.0,0.0,0.0,0.0,0.0,0.0,0.0,0.0,0.0,0.0
0bea14e775bef1cebc544004771f71f00c8f9b20,0,0.0,0.0,0.0,0.0,0.0,0.0,0.0,0.0,0.0,0.0,0.0
1939f247b3ae06244a8d50fa7dabbcc975c6fc4c,0,0.0,0.0,0.0,0.0,0.0,0.0,0.0,0.0,0.0,0.0,0.0
0576505021d3b98f4b805bf12ec09587d44e2f6d,0,0.0,0.0,0.0,0.0,0.0,0.0,0.0,0.0,0.0,0.0,0.0
e540cdd1328b2b21e29a95405c301b9313b7c346,0,0.0,0.0,0.0,0.0,0.0,0.0,0.0,0.0,0.0,0.0,0.0
7bdd3fa0ec4b790df02ef62ebd81d622a7f84f6e,0,0.0,0.0,0.0,0.0,0.0,0.0,0.0,0.0,0.0,0.0,0.0
1939f247b3ae06244a8d50fa7dabbcc975c6fc4c,0,0.0,0.0,0.0,0.0,0.0,0.0,0.0,0.0,0.0,0.0,0.0
0576505021d3b98f4b805bf12ec09587d44e2f6d,0,0.0,0.0,0.0,0.0,0.0,0.0,0.0,0.0,0.0,0.0,0.0
ae925ac7124c350f4b04605d380ec5e2ec350f7f,0,0.0,0.0,0.0,0.0,0.0,0.0,0.0,0.0,0.0,0.0,0.0
e540cdd1328b2b21e29a95405c301b9313b7c346,1,0.0,0.0,0.0,0.0,0.0,0.0,0.0,0.0,0.0,0.0,0.0
d863d9daec7ecf4ff66e6ddb938578da2357e1de,0,0.0,0.0,0.0,0.0,0.0,0.0,0.0,0.0,0.0,0.0,0.0
83738962a551cbde8a15c1e3ebf85a27e121802b,0,0.0,0.0,0.0,0.0,0.0,0.0,0.0,0.0,0.0,0.0,0.0
0576505021d3b98f4b805bf12ec09587d44e2f6d,0,0.0,0.0,0.0,0.0,0.0,0.0,0.0,0.0,0.0,0.0,0.0
e540cdd1328b2b21e29a95405c301b9313b7c346,0,0.0,0.0,0.0,0.0,0.0,0.0,0.0,0.0,0.0,0.0,0.0
a8be411f20d2ff4e77a31901c2f2ab7997115f35,0,0.0,0.0,0.0,0.0,0.0,0.0,0.0,0.0,0.0,0.0,0.0
eaa19db61724bb1348a5501df52103b9e13ee4b3,0,0.0,0.0,0.0,0.0,0.0,0.0,0.0,0.0,0.0,0.0,0.0
3f88d5ed9bc8b07724902d21135ade316306eda3,0,0.0,0.0,0.0,0.0,0.0,0.0,0.0,0.0,0.0,0.0,0.0
3daf084d78c71dec55e99357bd1beb4638a201d3,0,0.0,0.0,0.0,0.0,0.0,0.0,0.0,0.0,0.0,0.0,0.0
d9dfe2b4daf4d52ca5413d602d3b89dd2304ae50,0,0.0,0.0,0.0,0.0,0.0,0.0,0.0,0.0,0.0,0.0,0.0
0c75d0e5d166a7df5ad2fa5cc84713ec87aa79af,0,0.0,0.0,0.0,0.0,0.0,0.0,0.0,0.0,0.0,0.0,0.0
f9c2f882579343ad19238500574bc9d0879b6ac0,0,0.0,0.0,0.0,0.0,0.0,0.0,0.0,0.0,0.0,0.0,0.0
0576505021d3b98f4b805bf12ec09587d44e2f6d,0,0.0,0.0,0.0,0.0,0.0,0.0,0.0,0.0,0.0,0.0,0.0
e540cdd1328b2b21e29a95405c301b9313b7c346,0,0.0,0.0,0.0,0.0,0.0,0.0,0.0,0.0,0.0,0.0,0.0
d570d6dac653bf13e13a72addf4df6674d534a1e,0,0.0,0.0,0.0,0.0,0.0,0.0,0.0,0.0,0.0,0.0,0.0
8aacff4be4f6b68eb67f873bdd97557d5cbf3294,0,0.0,0.0,0.0,0.0,0.0,0.0,0.0,0.0,0.0,0.0,0.0
ebf37b23c22ca23e0b4a1cd2b76386ccaa644d4e,0,0.0,0.0,0.0,0.0,0.0,0.0,0.0,0.0,0.0,0.0,0.0
5ca02e6e9ffd966ff0566e94bf2ea31e43813150,0,0.0,0.0,0.0,0.0,0.0,0.0,0.0,0.0,0.0,0.0,0.0
0576505021d3b98f4b805bf12ec09587d44e2f6d,0,0.0,0.0,0.0,0.0,0.0,0.0,0.0,0.0,0.0,0.0,0.0
e540cdd1328b2b21e29a95405c301b9313b7c346,2,0.0,0.0,0.0,0.0,0.0,0.0,0.0,0.0,0.0,0.0,0.0
9353d97a81f7528f4690b8e598fd4e7244055f10,1,0.0,0.0,0.0,0.0,0.0,0.0,0.0,0.0,0.0,0.0,0.0
e6fd4e575709767c0fd2cac69811d72ec8650388,0,0.0,0.0,0.0,0.0,0.0,0.0,0.0,0.0,0.0,0.0,0.0
0576505021d3b98f4b805bf12ec09587d44e2f6d,0,0.0,0.0,0.0,0.0,0.0,0.0,0.0,0.0,0.0,0.0,0.0
e540cdd1328b2b21e29a95405c301b9313b7c346,0,0.0,0.0,0.0,0.0,0.0,0.0,0.0,0.0,0.0,0.0,0.0
13a2828b3adecc1c32ea3888d08afa51e147b3f3,0,0.0,0.0,0.0,0.0,0.0,0.0,0.0,0.0,0.0,0.0,0.0
1a4ede1b89143cf5d577a3e45da84cf1090ed02c,0,0.0,0.0,0.0,0.0,0.0,0.0,0.0,0.0,0.0,0.0,0.0
1e717e31a2d374d9a2f1db42440b4f99b4c6b989,0,0.0,0.0,0.0,0.0,0.0,0.0,0.0,0.0,0.0,0.0,0.0
cbe552820619d9030eada146a6beb41592803a19,0,0.0,0.0,0.0,0.0,0.0,0.0,0.0,0.0,0.0,0.0,0.0
0576505021d3b98f4b805bf12ec09587d44e2f6d,0,0.0,0.0,0.0,0.0,0.0,0.0,0.0,0.0,0.0,0.0,0.0
e540cdd1328b2b21e29a95405c301b9313b7c346,0,0.0,0.0,0.0,0.0,0.0,0.0,0.0,0.0,0.0,0.0,0.0
e10f6e1692e13ae8050cd1b3e6cae223723ddde8,0,0.0,0.0,0.0,0.0,0.0,0.0,0.0,0.0,0.0,0.0,0.0
3066e14a73579358a5a6b37155fcce2fc0d5bf94,0,0.0,0.0,0.0,0.0,0.0,0.0,0.0,0.0,0.0,0.0,0.0
116a04cd5ec8724f89bb4b318a0977b73259a83a,2,0.0,0.0,0.0,0.0,1.0,0.0,0.0,0.0,0.0,0.0,0.0
1939f247b3ae06244a8d50fa7dabbcc975c6fc4c,0,0.0,0.0,0.0,0.0,0.0,0.0,0.0,0.0,0.0,0.0,0.0
257f005fbc81a82a298a580736f62ec957f8b6d7,0,0.0,0.0,0.0,0.0,0.0,0.0,0.0,0.0,0.0,0.0,0.0
0d201911597f101a648cc2f4e736127184f75f01,1,0.0,0.0,0.0,0.0,0.0,0.0,0.0,0.0,0.0,0.0,0.0
65c3466e8889ff12f69ef847f5e2d99804e90dfc,0,0.0,0.0,0.0,0.0,0.0,0.0,0.0,0.0,0.0,0.0,0.0
b182c880f04b76bc0cf035b3995b8bb28c2c47c8,0,0.0,0.0,0.0,0.0,0.0,0.0,0.0,0.0,0.0,0.0,0.0
1925f793093581c47a5c6b2e414506b1cbae280d,0,0.0,0.0,0.0,0.0,0.0,0.0,0.0,0.0,0.0,0.0,0.0
1925f793093581c47a5c6b2e414506b1cbae280d,3,0.0,0.0,0.0,0.0,0.0,0.0,0.0,0.0,0.0,0.0,0.0
8e72f7566e6966afbe538b976c97321b4968b88c,0,0.0,0.0,0.0,0.0,0.0,0.0,0.0,0.0,0.0,0.0,0.0
c700c2ca426d18b82beb51088ffbb81df4c18b31,0,0.0,0.0,0.0,0.0,0.0,0.0,0.0,0.0,0.0,0.0,0.0
1939f247b3ae06244a8d50fa7dabbcc975c6fc4c,0,0.0,0.0,0.0,0.0,0.0,0.0,0.0,0.0,0.0,0.0,0.0
0576505021d3b98f4b805bf12ec09587d44e2f6d,0,0.0,0.0,0.0,0.0,0.0,0.0,0.0,0.0,0.0,0.0,0.0
ac43322d274ef09ad4e3321b9feca116b68efd57,0,0.0,0.0,0.0,0.0,0.0,0.0,0.0,0.0,0.0,0.0,0.0
ae925ac7124c350f4b04605d380ec5e2ec350f7f,0,0.0,0.0,0.0,0.0,0.0,0.0,0.0,0.0,0.0,0.0,0.0
e540cdd1328b2b21e29a95405c301b9313b7c346,0,0.0,0.0,0.0,0.0,0.0,0.0,0.0,0.0,0.0,0.0,0.0
ea1a103c3fd29a4f270dff950c1bc8b279b85a79,0,0.0,0.0,0.0,0.0,0.0,0.0,0.0,0.0,0.0,0.0,0.0
9dd299600dfb68805d2b181d35d638191aa55adb,0,0.0,0.0,0.0,0.0,0.0,0.0,0.0,0.0,0.0,0.0,0.0
a6448d4e8eeca599aa87f0ec73e4c04e852ecfa9,0,0.0,0.0,0.0,0.0,0.0,0.0,0.0,0.0,0.0,0.0,0.0
842985dfb4fdbd44f8acd2a697641e4b3a65e44d,0,0.0,0.0,0.0,0.0,0.0,0.0,0.0,0.0,0.0,0.0,0.0
ed552f50ee9aab13632acb1a773859d33c02f1e3,0,0.0,0.0,0.0,0.0,0.0,0.0,0.0,0.0,0.0,0.0,0.0
13a2828b3adecc1c32ea3888d08afa51e147b3f3,1,0.0,0.0,0.0,0.0,0.0,0.0,0.0,0.0,0.0,0.0,0.0
f8995ba5891b07e328c60d6bd6c10159878c5a13,0,0.0,0.0,0.0,0.0,0.0,0.0,0.0,0.0,0.0,0.0,0.0
5b7dcd14a4faa2cdd54cf6eb8d4bc35da31914a1,0,0.0,0.0,0.0,0.0,0.0,0.0,0.0,0.0,0.0,0.0,0.0
1939f247b3ae06244a8d50fa7dabbcc975c6fc4c,0,0.0,0.0,0.0,0.0,0.0,0.0,0.0,0.0,0.0,0.0,0.0
ae925ac7124c350f4b04605d380ec5e2ec350f7f,0,0.0,0.0,0.0,0.0,0.0,0.0,0.0,0.0,0.0,0.0,0.0
e540cdd1328b2b21e29a95405c301b9313b7c346,0,0.0,0.0,0.0,0.0,0.0,0.0,0.0,0.0,0.0,0.0,0.0
9e7414be3f6364a0c346edbddda3c17b84c97679,0,0.0,0.0,0.0,0.0,0.0,0.0,0.0,0.0,0.0,0.0,0.0
1939f247b3ae06244a8d50fa7dabbcc975c6fc4c,0,0.0,0.0,0.0,0.0,0.0,0.0,0.0,0.0,0.0,0.0,0.0
45f59e0807823695a355ed556724eec6815fe91c,0,0.0,0.0,0.0,0.0,0.0,0.0,0.0,0.0,0.0,0.0,0.0
ae925ac7124c350f4b04605d380ec5e2ec350f7f,0,0.0,0.0,0.0,0.0,0.0,0.0,0.0,0.0,0.0,0.0,0.0
88a83aecdf6dffb13ebbd20ad4216e3a978461fb,1,0.0,0.0,0.0,0.0,0.0,0.0,0.0,0.0,0.0,0.0,0.0
0576505021d3b98f4b805bf12ec09587d44e2f6d,0,0.0,0.0,0.0,0.0,0.0,0.0,0.0,0.0,0.0,0.0,0.0
e540cdd1328b2b21e29a95405c301b9313b7c346,0,0.0,0.0,0.0,0.0,0.0,0.0,0.0,0.0,0.0,0.0,0.0
b182c880f04b76bc0cf035b3995b8bb28c2c47c8,0,0.0,0.0,0.0,0.0,0.0,0.0,0.0,0.0,0.0,0.0,0.0
f8995ba5891b07e328c60d6bd6c10159878c5a13,0,0.0,0.0,0.0,0.0,0.0,0.0,0.0,0.0,0.0,0.0,0.0
eb753b03c5250752f71bdb38ffe72a5e9b123b4b,0,0.0,0.0,0.0,0.0,0.0,0.0,0.0,0.0,0.0,0.0,0.0
43d280c39b94d2f6f5a6bf3b58c14038923b97f3,0,0.0,0.0,0.0,0.0,0.0,0.0,0.0,0.0,0.0,0.0,0.0
5b7dcd14a4faa2cdd54cf6eb8d4bc35da31914a1,0,0.0,0.0,0.0,0.0,0.0,0.0,0.0,0.0,0.0,0.0,0.0
ae925ac7124c350f4b04605d380ec5e2ec350f7f,0,0.0,0.0,0.0,0.0,0.0,0.0,0.0,0.0,0.0,0.0,0.0
1939f247b3ae06244a8d50fa7dabbcc975c6fc4c,0,0.0,0.0,0.0,0.0,0.0,0.0,0.0,0.0,0.0,0.0,0.0
e540cdd1328b2b21e29a95405c301b9313b7c346,0,0.0,0.0,0.0,0.0,0.0,0.0,0.0,0.0,0.0,0.0,0.0
d28d2b77fa489ab5252d57c24a900533eb9bab17,0,0.0,0.0,0.0,0.0,0.0,0.0,0.0,0.0,0.0,0.0,0.0
3a8ab7ff5777f83bf6a14c51f326fdb6fde13845,0,0.0,0.0,0.0,0.0,0.0,0.0,0.0,0.0,0.0,0.0,0.0
fa242618d57da3f49d19c83a65de42cfbd6100f0,0,0.0,0.0,0.0,0.0,0.0,0.0,0.0,0.0,0.0,0.0,0.0
1939f247b3ae06244a8d50fa7dabbcc975c6fc4c,0,0.0,0.0,0.0,0.0,0.0,0.0,0.0,0.0,0.0,0.0,0.0
0576505021d3b98f4b805bf12ec09587d44e2f6d,0,0.0,0.0,0.0,0.0,0.0,0.0,0.0,0.0,0.0,0.0,0.0
e540cdd1328b2b21e29a95405c301b9313b7c346,0,0.0,0.0,0.0,0.0,0.0,0.0,0.0,0.0,0.0,0.0,0.0
fed758b7a842befdf49b6ed6ad47249f81f1bbb1,0,0.0,0.0,0.0,0.0,0.0,0.0,0.0,0.0,0.0,0.0,0.0
7e9272be7078b018006199ddfc97ea917d0e8a5f,0,0.0,0.0,0.0,0.0,0.0,0.0,0.0,0.0,0.0,0.0,0.0
a21c11987088853405d0a954437a491eadc0000d,0,0.0,0.0,0.0,0.0,0.0,0.0,0.0,0.0,0.0,0.0,0.0
b9abe1161221e0c1221d86b82482278fc2e9538c,0,0.0,0.0,0.0,0.0,0.0,0.0,0.0,0.0,0.0,0.0,0.0
0a25ba5991316bdda4a9b3abcee2106016df28a0,2,2.0,2.0,0.0,0.0,0.0,0.0,0.0,0.0,0.0,0.0,0.0
92005ecf3788faea8346a7919fba0232188561ab,0,0.0,0.0,0.0,0.0,0.0,0.0,0.0,0.0,0.0,0.0,0.0
1939f247b3ae06244a8d50fa7dabbcc975c6fc4c,0,0.0,0.0,0.0,0.0,0.0,0.0,0.0,0.0,0.0,0.0,0.0
e540cdd1328b2b21e29a95405c301b9313b7c346,1,0.0,0.0,0.0,0.0,0.0,0.0,0.0,0.0,0.0,0.0,0.0
a5182f4b12f7898f5e70b18f5559f4c2a3265e9c,2,0.0,0.0,0.0,0.0,0.0,0.0,0.0,0.0,0.0,0.0,0.0
1939f247b3ae06244a8d50fa7dabbcc975c6fc4c,0,0.0,0.0,0.0,0.0,0.0,0.0,0.0,0.0,0.0,0.0,0.0
0576505021d3b98f4b805bf12ec09587d44e2f6d,0,0.0,0.0,0.0,0.0,0.0,0.0,0.0,0.0,0.0,0.0,0.0
e540cdd1328b2b21e29a95405c301b9313b7c346,0,0.0,0.0,0.0,0.0,0.0,0.0,0.0,0.0,0.0,0.0,0.0
f52bc44a34340cbf4c1aae1eb32e351160858b0d,0,0.0,0.0,0.0,0.0,0.0,0.0,0.0,0.0,0.0,0.0,0.0
6d0830dc5f62ea8ca9fbc47224533943455de366,0,0.0,0.0,0.0,0.0,0.0,0.0,0.0,0.0,0.0,0.0,0.0
1939f247b3ae06244a8d50fa7dabbcc975c6fc4c,0,0.0,0.0,0.0,0.0,0.0,0.0,0.0,0.0,0.0,0.0,0.0
e540cdd1328b2b21e29a95405c301b9313b7c346,0,0.0,0.0,0.0,0.0,0.0,0.0,0.0,0.0,0.0,0.0,0.0
6960b7ab39483c678a994c593b4fc99e6656cfa4,0,0.0,0.0,0.0,0.0,0.0,0.0,0.0,0.0,0.0,0.0,0.0
41581c6e68e70a0415aac3786cc32dac6c85ab53,0,0.0,0.0,0.0,0.0,0.0,0.0,0.0,0.0,0.0,0.0,0.0
ae925ac7124c350f4b04605d380ec5e2ec350f7f,0,0.0,0.0,0.0,0.0,0.0,0.0,0.0,0.0,0.0,0.0,0.0
9b7c68a918b17eb053809b198d7c9abfc142f30a,0,0.0,0.0,0.0,0.0,0.0,0.0,0.0,0.0,0.0,0.0,0.0
7561d7b6fa252e14d948ef730f22c68c9d861f6b,0,0.0,0.0,0.0,0.0,0.0,0.0,0.0,0.0,0.0,0.0,0.0
1939f247b3ae06244a8d50fa7dabbcc975c6fc4c,0,0.0,0.0,0.0,0.0,0.0,0.0,0.0,0.0,0.0,0.0,0.0
e540cdd1328b2b21e29a95405c301b9313b7c346,0,0.0,0.0,0.0,0.0,0.0,0.0,0.0,0.0,0.0,0.0,0.0
6960b7ab39483c678a994c593b4fc99e6656cfa4,0,0.0,0.0,0.0,0.0,0.0,0.0,0.0,0.0,0.0,0.0,0.0
ae925ac7124c350f4b04605d380ec5e2ec350f7f,0,0.0,0.0,0.0,0.0,0.0,0.0,0.0,0.0,0.0,0.0,0.0
f8995ba5891b07e328c60d6bd6c10159878c5a13,0,0.0,0.0,0.0,0.0,0.0,0.0,0.0,0.0,0.0,0.0,0.0
0a25ba5991316bdda4a9b3abcee2106016df28a0,1,2.0,2.0,0.0,0.0,0.0,0.0,0.0,0.0,0.0,0.0,0.0
9485989ff514b5106b7738850fd73c23e8c1e3f7,1,0.0,0.0,0.0,0.0,0.0,0.0,0.0,0.0,0.0,0.0,0.0
1939f247b3ae06244a8d50fa7dabbcc975c6fc4c,0,0.0,0.0,0.0,0.0,0.0,0.0,0.0,0.0,0.0,0.0,0.0
e540cdd1328b2b21e29a95405c301b9313b7c346,0,0.0,0.0,0.0,0.0,0.0,0.0,0.0,0.0,0.0,0.0,0.0
6960b7ab39483c678a994c593b4fc99e6656cfa4,0,0.0,0.0,0.0,0.0,0.0,0.0,0.0,0.0,0.0,0.0,0.0
f8995ba5891b07e328c60d6bd6c10159878c5a13,0,0.0,0.0,0.0,0.0,0.0,0.0,0.0,0.0,0.0,0.0,0.0
e85a0f49805493651283e529fd2846d40ef3ea1c,0,0.0,0.0,0.0,0.0,0.0,0.0,0.0,0.0,0.0,0.0,0.0
1939f247b3ae06244a8d50fa7dabbcc975c6fc4c,0,0.0,0.0,0.0,0.0,0.0,0.0,0.0,0.0,0.0,0.0,0.0
ae925ac7124c350f4b04605d380ec5e2ec350f7f,1,0.0,0.0,0.0,0.0,0.0,0.0,0.0,0.0,0.0,0.0,0.0
99dc3c1b4c33ec8d1065d07be5564a67bab85c91,0,0.0,0.0,0.0,0.0,0.0,0.0,0.0,0.0,0.0,0.0,0.0
877d3979578081f1def3a5a070ad63d60e32a801,0,0.0,0.0,0.0,0.0,0.0,0.0,0.0,0.0,0.0,0.0,0.0
e204d28a2874f6123747650d3e4003d4357d75eb,0,0.0,0.0,0.0,0.0,0.0,0.0,0.0,0.0,0.0,0.0,0.0
1939f247b3ae06244a8d50fa7dabbcc975c6fc4c,0,0.0,0.0,0.0,0.0,0.0,0.0,0.0,0.0,0.0,0.0,0.0
419401592d151cb6fa0a3eaecfc8d6ff1cbd794a,0,0.0,0.0,0.0,0.0,0.0,0.0,0.0,0.0,0.0,0.0,0.0
4c91330c57b1f26f16a92bbcb0653bc2a60a5b88,1,0.0,0.0,0.0,0.0,0.0,0.0,0.0,0.0,0.0,0.0,0.0
b182c880f04b76bc0cf035b3995b8bb28c2c47c8,0,0.0,0.0,0.0,0.0,0.0,0.0,0.0,0.0,0.0,0.0,0.0
c255751d518c0bfa0a2ba27965df48960c5b507f,0,0.0,0.0,0.0,0.0,0.0,0.0,0.0,0.0,0.0,0.0,0.0
1939f247b3ae06244a8d50fa7dabbcc975c6fc4c,0,0.0,0.0,0.0,0.0,0.0,0.0,0.0,0.0,0.0,0.0,0.0
ae925ac7124c350f4b04605d380ec5e2ec350f7f,0,0.0,0.0,0.0,0.0,0.0,0.0,0.0,0.0,0.0,0.0,0.0
0576505021d3b98f4b805bf12ec09587d44e2f6d,0,0.0,0.0,0.0,0.0,0.0,0.0,0.0,0.0,0.0,0.0,0.0
1939f247b3ae06244a8d50fa7dabbcc975c6fc4c,0,0.0,0.0,0.0,0.0,0.0,0.0,0.0,0.0,0.0,0.0,0.0
ae925ac7124c350f4b04605d380ec5e2ec350f7f,0,0.0,0.0,0.0,0.0,0.0,0.0,0.0,0.0,0.0,0.0,0.0
e540cdd1328b2b21e29a95405c301b9313b7c346,0,0.0,0.0,0.0,0.0,0.0,0.0,0.0,0.0,0.0,0.0,0.0
419401592d151cb6fa0a3eaecfc8d6ff1cbd794a,0,0.0,0.0,0.0,0.0,0.0,0.0,0.0,0.0,0.0,0.0,0.0
9b466094ec991a03cb95c489c19c4d75635f0ae5,0,0.0,0.0,0.0,0.0,0.0,0.0,0.0,0.0,0.0,0.0,0.0
5e9b60f69165f32f8930843ca718e10fdee30c52,0,0.0,0.0,0.0,0.0,0.0,0.0,0.0,0.0,0.0,0.0,0.0
33c3e399ac3319beee4bc39cb441fede88727d76,0,0.0,0.0,0.0,0.0,0.0,0.0,0.0,0.0,0.0,0.0,0.0
b182c880f04b76bc0cf035b3995b8bb28c2c47c8,0,0.0,0.0,0.0,0.0,0.0,0.0,0.0,0.0,0.0,0.0,0.0
0576505021d3b98f4b805bf12ec09587d44e2f6d,0,0.0,0.0,0.0,0.0,0.0,0.0,0.0,0.0,0.0,0.0,0.0
1939f247b3ae06244a8d50fa7dabbcc975c6fc4c,0,0.0,0.0,0.0,0.0,0.0,0.0,0.0,0.0,0.0,0.0,0.0
9b466094ec991a03cb95c489c19c4d75635f0ae5,0,0.0,0.0,0.0,0.0,0.0,0.0,0.0,0.0,0.0,0.0,0.0
e540cdd1328b2b21e29a95405c301b9313b7c346,1,0.0,0.0,0.0,0.0,0.0,0.0,0.0,0.0,0.0,0.0,0.0
8eb233bc7cc5bdb77de4025488f3151e632ccb33,0,0.0,0.0,0.0,0.0,0.0,0.0,0.0,0.0,0.0,0.0,0.0
db71ea226e9585b95e3da7426df044bf7281c552,0,0.0,0.0,0.0,0.0,0.0,0.0,0.0,0.0,0.0,0.0,0.0
9ae5af7d0b90d825947d66ff8b6743d47f3f18c5,0,0.0,0.0,0.0,0.0,0.0,0.0,0.0,0.0,0.0,0.0,0.0
419401592d151cb6fa0a3eaecfc8d6ff1cbd794a,0,0.0,0.0,0.0,0.0,0.0,0.0,0.0,0.0,0.0,0.0,0.0
a5dfd1e2a15413c239c56947f6e8790101036d25,0,0.0,0.0,0.0,0.0,0.0,0.0,0.0,0.0,0.0,0.0,0.0
78cd1257c37fda821c7ab40fa6cff7339858ddba,0,0.0,0.0,0.0,0.0,0.0,0.0,0.0,0.0,0.0,0.0,0.0
13ce071f68958ab463698853189d6361000db5c2,0,0.0,0.0,0.0,0.0,0.0,0.0,0.0,0.0,0.0,0.0,0.0
ae925ac7124c350f4b04605d380ec5e2ec350f7f,0,0.0,0.0,0.0,0.0,0.0,0.0,0.0,0.0,0.0,0.0,0.0
0576505021d3b98f4b805bf12ec09587d44e2f6d,0,0.0,0.0,0.0,0.0,0.0,0.0,0.0,0.0,0.0,0.0,0.0
1939f247b3ae06244a8d50fa7dabbcc975c6fc4c,0,0.0,0.0,0.0,0.0,0.0,0.0,0.0,0.0,0.0,0.0,0.0
c255751d518c0bfa0a2ba27965df48960c5b507f,0,0.0,0.0,0.0,0.0,0.0,0.0,0.0,0.0,0.0,0.0,0.0
e540cdd1328b2b21e29a95405c301b9313b7c346,0,0.0,0.0,0.0,0.0,0.0,0.0,0.0,0.0,0.0,0.0,0.0
fe48bc879fa31af21384f66bd428cd8df7fcad44,1,0.0,0.0,0.0,0.0,0.0,0.0,0.0,0.0,0.0,0.0,0.0
f4c659a4fc1ba11de62bcc63477ee911a634711a,0,0.0,0.0,0.0,0.0,0.0,0.0,0.0,0.0,0.0,0.0,0.0
e540cdd1328b2b21e29a95405c301b9313b7c346,0,0.0,0.0,0.0,0.0,0.0,0.0,0.0,0.0,0.0,0.0,0.0
a5dfd1e2a15413c239c56947f6e8790101036d25,0,0.0,0.0,0.0,0.0,0.0,0.0,0.0,0.0,0.0,0.0,0.0
e540cdd1328b2b21e29a95405c301b9313b7c346,0,0.0,0.0,0.0,0.0,0.0,0.0,0.0,0.0,0.0,0.0,0.0
c2a6b03f190dfb2b4aa91f8af8d477a9bc3401dc,0,0.0,0.0,0.0,0.0,0.0,0.0,0.0,0.0,0.0,0.0,0.0
7cd9148ec5a552dbf68de5a6debcf8e4d974db72,0,0.0,0.0,0.0,0.0,0.0,0.0,0.0,0.0,0.0,0.0,0.0
395777f8b50476a108c6a1df0386069175ee519e,0,0.0,0.0,0.0,0.0,0.0,0.0,0.0,0.0,0.0,0.0,0.0
c218e39efa2e1aae69f39d2054528369ce1e1f46,0,0.0,0.0,0.0,0.0,0.0,0.0,0.0,0.0,0.0,0.0,0.0
9b466094ec991a03cb95c489c19c4d75635f0ae5,0,0.0,0.0,0.0,0.0,0.0,0.0,0.0,0.0,0.0,0.0,0.0
783923e57ba5e8f1044632c31fd806ee24814bb5,1,0.0,0.0,0.0,0.0,0.0,0.0,0.0,0.0,0.0,0.0,0.0
025f23769a044892edb56980e69d4cafd50b9d34,1,0.0,0.0,0.0,0.0,0.0,0.0,0.0,0.0,0.0,0.0,0.0
0eb099a357584b4f955cbda61225dc381eab39b3,0,0.0,0.0,0.0,0.0,0.0,0.0,0.0,0.0,0.0,0.0,0.0
c455b38e076228392d1c751d14fe95da50519334,1,2.0,2.0,0.0,0.0,0.0,0.0,0.0,0.0,0.0,0.0,0.0
38b62be4bddaa5661c7d6b8e36e28159314df5c7,1,0.0,0.0,0.0,0.0,0.0,0.0,0.0,0.0,0.0,0.0,0.0
e4727967eb700b976dc5db6a2e589deef7594653,5,2.0,2.0,0.0,0.0,0.0,0.0,0.0,0.0,0.0,0.0,0.0
e3ad36e7509bbce65189fb5abb9c603413477080,1,0.0,0.0,0.0,0.0,0.0,0.0,0.0,0.0,0.0,0.0,0.0
bce54638cbc2c1933a376eb174fceae1d044d8c1,2,0.0,0.0,0.0,0.0,0.0,0.0,0.0,0.0,0.0,0.0,0.0
4c116191342b8dbbf65905d3fc1802b2f84cede7,0,0.0,0.0,0.0,0.0,0.0,0.0,0.0,0.0,0.0,0.0,0.0
99ba09b958f9ee3a7546b2339625c50f2cc33b75,1,2.0,2.0,0.0,0.0,0.0,0.0,0.0,0.0,0.0,0.0,0.0
dd640149d2e92eccc61a809a2b9a5a19fb9a7099,4,0.0,0.0,0.0,0.0,0.0,0.0,0.0,0.0,0.0,0.0,0.0
da5ea5b3b1ac0cb74d7c11d9f0702f0727c362b8,0,0.0,0.0,0.0,0.0,0.0,0.0,0.0,0.0,0.0,0.0,0.0
a4ba1427ca34a557c85be8ad331f4a153557b190,1,0.0,0.0,0.0,0.0,0.0,0.0,0.0,0.0,0.0,0.0,0.0
df848d3d652e1bdd56c9adad125c9adf4d445494,0,0.0,0.0,0.0,0.0,0.0,0.0,0.0,0.0,0.0,0.0,0.0
f0f153f41fa30f9f047184a1b6e9fb248bef5071,3,0.0,0.0,0.0,0.0,0.0,0.0,0.0,0.0,0.0,0.0,0.0
36061504daefc9f677075067579dbd48d52fd510,0,0.0,0.0,0.0,0.0,0.0,0.0,0.0,0.0,0.0,0.0,0.0
9a70cd7f1a8e3eeac16db19812a69e27a413dbd8,0,0.0,0.0,0.0,0.0,0.0,0.0,0.0,0.0,0.0,0.0,0.0
c6b2b3d154e13d9f5485eea94d7dbeab59e88e43,0,0.0,0.0,0.0,0.0,0.0,0.0,0.0,0.0,0.0,0.0,0.0
69449f994d55805535b9e8fab16f6c39934e9ba4,0,0.0,0.0,0.0,0.0,0.0,0.0,0.0,0.0,0.0,0.0,0.0
c269221ca54147da7738158d7ca7f2b04dcc84a5,0,0.0,0.0,0.0,0.0,0.0,0.0,0.0,0.0,0.0,0.0,0.0
ad6fe7ca98231513234aef49d293858a8b6b4e03,0,0.0,0.0,0.0,0.0,0.0,0.0,0.0,0.0,0.0,0.0,0.0
9675f6105cf3adfb3fa0d0d452eff5730bbc7eeb,1,0.0,0.0,0.0,0.0,0.0,0.0,0.0,0.0,0.0,0.0,0.0
4c91330c57b1f26f16a92bbcb0653bc2a60a5b88,0,0.0,0.0,0.0,0.0,0.0,0.0,0.0,0.0,0.0,0.0,0.0
fa64642003487da379238275904d5b1add52aba4,0,0.0,0.0,0.0,0.0,0.0,0.0,0.0,0.0,0.0,0.0,0.0
7d87d53305e8d6b28b5bfb655025898df6c49ed4,0,0.0,0.0,0.0,0.0,0.0,0.0,0.0,0.0,0.0,0.0,0.0
e3b7c980d763196e9d134c3ec1c3de0ded54e5ce,0,0.0,0.0,0.0,0.0,0.0,0.0,0.0,0.0,0.0,0.0,0.0
64d88a939f8e3069d071b90dc96bfe06b492d679,0,0.0,0.0,0.0,0.0,0.0,0.0,0.0,0.0,0.0,0.0,0.0
7cc020cead232f10f6f8b302b71ec36648b22837,0,0.0,0.0,0.0,0.0,0.0,0.0,0.0,0.0,0.0,0.0,0.0
d21e3dc891cd49b54b3854ee9c626a39c11af80f,0,0.0,0.0,0.0,0.0,0.0,0.0,0.0,0.0,0.0,0.0,0.0
98f54143ab4e86b28c3afee0f50f2f51cfb2ed38,0,0.0,0.0,0.0,0.0,0.0,0.0,0.0,0.0,0.0,0.0,0.0
4d68b1358bb5b766d3e78f32f574cbdffc7c3494,0,0.0,0.0,0.0,0.0,0.0,0.0,0.0,0.0,0.0,0.0,0.0
7d1043473d55bfa90e8530d35801d4e381bc69f0,0,0.0,0.0,0.0,0.0,0.0,0.0,0.0,0.0,0.0,0.0,0.0
e540cdd1328b2b21e29a95405c301b9313b7c346,0,0.0,0.0,0.0,0.0,0.0,0.0,0.0,0.0,0.0,0.0,0.0
e23bfe7255ada131861292923fe74a4b313815fc,0,0.0,0.0,0.0,0.0,0.0,0.0,0.0,0.0,0.0,0.0,0.0
81736358b1645103ae83247b10c5f82af641ddfc,0,0.0,0.0,0.0,0.0,0.0,0.0,0.0,0.0,0.0,0.0,0.0
e55c56d1abcfab618d27bc40a5d9ff183f94ec81,0,0.0,0.0,0.0,0.0,0.0,0.0,0.0,0.0,0.0,0.0,0.0
9570474859496772b36916ea5aef64ad8631e2b6,0,0.0,0.0,0.0,0.0,0.0,0.0,0.0,0.0,0.0,0.0,0.0
13247c758440eef1ae97a317de42975b1070c6cc,2,0.0,0.0,0.0,0.0,0.0,0.0,0.0,0.0,0.0,0.0,0.0
0d2a4841ee30a5890e7ccb3233f486daf7b8db86,0,0.0,0.0,0.0,0.0,0.0,0.0,0.0,0.0,0.0,0.0,0.0
4ce0fb03d3093f2d8f712875e365b3f4eccb4573,1,0.0,0.0,0.0,0.0,0.0,0.0,0.0,0.0,0.0,0.0,0.0
13ce071f68958ab463698853189d6361000db5c2,0,0.0,0.0,0.0,0.0,0.0,0.0,0.0,0.0,0.0,0.0,0.0
05cb34b44f3c96dbbba062f4392edaca659a46ed,0,0.0,0.0,0.0,0.0,0.0,0.0,0.0,0.0,0.0,0.0,0.0
9485989ff514b5106b7738850fd73c23e8c1e3f7,0,0.0,0.0,0.0,0.0,0.0,0.0,0.0,0.0,0.0,0.0,0.0
d1bef4e5ce5ab73e740235b4db66c0012d867d79,0,0.0,0.0,0.0,0.0,0.0,0.0,0.0,0.0,0.0,0.0,0.0
ba01f0a3e0123651915008bc5786c42a4673d6cd,0,0.0,0.0,0.0,0.0,0.0,0.0,0.0,0.0,0.0,0.0,0.0
d3b0cc311f177f938268a910e161d02bfb4875d3,0,0.0,0.0,0.0,0.0,0.0,0.0,0.0,0.0,0.0,0.0,0.0
e540cdd1328b2b21e29a95405c301b9313b7c346,0,0.0,0.0,0.0,0.0,0.0,0.0,0.0,0.0,0.0,0.0,0.0
d73ef92426f2b11dfc4aed4d4bfc41c49ee1087c,0,0.0,0.0,0.0,0.0,0.0,0.0,0.0,0.0,0.0,0.0,0.0
e55c56d1abcfab618d27bc40a5d9ff183f94ec81,0,0.0,0.0,0.0,0.0,0.0,0.0,0.0,0.0,0.0,0.0,0.0
ec44823b20fc9dd2f7a158e448b6fe16ba64bd8d,0,0.0,0.0,0.0,0.0,0.0,0.0,0.0,0.0,0.0,0.0,0.0
177ffde454d09012180ae009c2f4674d6060633a,0,0.0,0.0,0.0,0.0,0.0,0.0,0.0,0.0,0.0,0.0,0.0
05cb34b44f3c96dbbba062f4392edaca659a46ed,0,0.0,0.0,0.0,0.0,0.0,0.0,0.0,0.0,0.0,0.0,0.0
257f005fbc81a82a298a580736f62ec957f8b6d7,0,0.0,0.0,0.0,0.0,0.0,0.0,0.0,0.0,0.0,0.0,0.0
4015b57a143aec5156fd1444a017a32137a3fd0f,1,0.0,0.0,0.0,0.0,0.0,0.0,0.0,0.0,0.0,0.0,0.0
0f200162d0215bbe44ba26781a495884ff002f7d,0,0.0,0.0,0.0,0.0,0.0,0.0,0.0,0.0,0.0,0.0,0.0
486766b6ea4c4039937db945d26b80c982a4cc26,1,0.0,0.0,0.0,0.0,0.0,0.0,0.0,0.0,0.0,0.0,0.0
66f79d8a6327c82c9033e6d65ff03322a3766c87,0,0.0,0.0,0.0,0.0,0.0,0.0,0.0,0.0,0.0,0.0,0.0
e95c75f4f41f5b6713d5d95bf20fdc76f9a851ff,0,0.0,0.0,0.0,0.0,0.0,0.0,0.0,0.0,0.0,0.0,0.0
9485989ff514b5106b7738850fd73c23e8c1e3f7,0,0.0,0.0,0.0,0.0,0.0,0.0,0.0,0.0,0.0,0.0,0.0
d3b0cc311f177f938268a910e161d02bfb4875d3,0,0.0,0.0,0.0,0.0,0.0,0.0,0.0,0.0,0.0,0.0,0.0
408bb74d2c2ad6a6473a6bb1e1a5d96be6fa346a,0,0.0,0.0,0.0,0.0,0.0,0.0,0.0,0.0,0.0,0.0,0.0
f64cd8e32f5ac7553c150bd05d6f2252bb73f68d,0,0.0,0.0,0.0,0.0,0.0,0.0,0.0,0.0,0.0,0.0,0.0
e540cdd1328b2b21e29a95405c301b9313b7c346,0,0.0,0.0,0.0,0.0,0.0,0.0,0.0,0.0,0.0,0.0,0.0
e55c56d1abcfab618d27bc40a5d9ff183f94ec81,0,0.0,0.0,0.0,0.0,0.0,0.0,0.0,0.0,0.0,0.0,0.0
e540cdd1328b2b21e29a95405c301b9313b7c346,0,0.0,0.0,0.0,0.0,0.0,0.0,0.0,0.0,0.0,0.0,0.0
f8995ba5891b07e328c60d6bd6c10159878c5a13,0,0.0,0.0,0.0,0.0,0.0,0.0,0.0,0.0,0.0,0.0,0.0
81736358b1645103ae83247b10c5f82af641ddfc,0,0.0,0.0,0.0,0.0,0.0,0.0,0.0,0.0,0.0,0.0,0.0
2236443eeb5dff70d49c52eb74557fb2eec607a8,0,0.0,0.0,0.0,0.0,0.0,0.0,0.0,0.0,0.0,0.0,0.0
e55c56d1abcfab618d27bc40a5d9ff183f94ec81,0,0.0,0.0,0.0,0.0,0.0,0.0,0.0,0.0,0.0,0.0,0.0
e540cdd1328b2b21e29a95405c301b9313b7c346,0,0.0,0.0,0.0,0.0,0.0,0.0,0.0,0.0,0.0,0.0,0.0
f8995ba5891b07e328c60d6bd6c10159878c5a13,0,0.0,0.0,0.0,0.0,0.0,0.0,0.0,0.0,0.0,0.0,0.0
81736358b1645103ae83247b10c5f82af641ddfc,0,0.0,0.0,0.0,0.0,0.0,0.0,0.0,0.0,0.0,0.0,0.0
2236443eeb5dff70d49c52eb74557fb2eec607a8,0,0.0,0.0,0.0,0.0,0.0,0.0,0.0,0.0,0.0,0.0,0.0
e55c56d1abcfab618d27bc40a5d9ff183f94ec81,0,0.0,0.0,0.0,0.0,0.0,0.0,0.0,0.0,0.0,0.0,0.0
8a0d68021dcb8e68f95e6779b0e6bff30a7a3fb4,0,0.0,0.0,0.0,0.0,0.0,0.0,0.0,0.0,0.0,0.0,0.0
e8107fb5b8fdfefd9e5e869eee6c2320e9b07a24,0,0.0,0.0,0.0,0.0,0.0,0.0,0.0,0.0,0.0,0.0,0.0
ec44823b20fc9dd2f7a158e448b6fe16ba64bd8d,0,0.0,0.0,0.0,0.0,0.0,0.0,0.0,0.0,0.0,0.0,0.0
177ffde454d09012180ae009c2f4674d6060633a,0,0.0,0.0,0.0,0.0,0.0,0.0,0.0,0.0,0.0,0.0,0.0
78fac75e81dd6c8962e7d56538a360ca5a6fcc57,0,0.0,0.0,0.0,0.0,0.0,0.0,0.0,0.0,0.0,0.0,0.0
9b466094ec991a03cb95c489c19c4d75635f0ae5,0,0.0,0.0,0.0,0.0,0.0,0.0,0.0,0.0,0.0,0.0,0.0
65c3466e8889ff12f69ef847f5e2d99804e90dfc,1,0.0,0.0,0.0,0.0,0.0,0.0,0.0,0.0,0.0,0.0,0.0
563d37816fe8c8d90c2037071cdeb9004d0380b7,0,0.0,0.0,0.0,0.0,0.0,0.0,0.0,0.0,0.0,0.0,0.0
b9f6622e166ca5afc76feeea0c7b12df1ed3e260,0,0.0,0.0,0.0,0.0,0.0,0.0,0.0,0.0,0.0,0.0,0.0
bebf5a2a2bc7abe009416bae208e51425d85a46d,0,0.0,0.0,0.0,0.0,0.0,0.0,0.0,0.0,0.0,0.0,0.0
8e209cf6da4ffc0730cf2f243f9508c10d58592f,0,0.0,0.0,0.0,0.0,0.0,0.0,0.0,0.0,0.0,0.0,0.0
36061504daefc9f677075067579dbd48d52fd510,0,0.0,0.0,0.0,0.0,0.0,0.0,0.0,0.0,0.0,0.0,0.0
9ae5af7d0b90d825947d66ff8b6743d47f3f18c5,0,0.0,0.0,0.0,0.0,0.0,0.0,0.0,0.0,0.0,0.0,0.0
2d26630c6d8aca00db113cc922e9227a04128455,1,0.0,0.0,0.0,0.0,0.0,0.0,0.0,0.0,0.0,0.0,0.0
03d4eeb853feee7b8f2335c7c7bbdc9cd7fd7286,0,0.0,0.0,0.0,0.0,0.0,0.0,0.0,0.0,0.0,0.0,0.0
fb0e914216b0b45361cf9530b921beffc04ccff7,0,0.0,0.0,0.0,0.0,0.0,0.0,0.0,0.0,0.0,0.0,0.0
051ca61993105ac8edc3eb6a71674938c201f6db,0,0.0,0.0,0.0,0.0,0.0,0.0,0.0,0.0,0.0,0.0,0.0
fd2343eb332338826ffab45222df330904df893b,0,0.0,0.0,0.0,0.0,0.0,0.0,0.0,0.0,0.0,0.0,0.0
1939f247b3ae06244a8d50fa7dabbcc975c6fc4c,0,0.0,0.0,0.0,0.0,0.0,0.0,0.0,0.0,0.0,0.0,0.0
4c50f402efe05dd23f795a9e92d671d17b5070f2,0,0.0,0.0,0.0,0.0,0.0,0.0,0.0,0.0,0.0,0.0,0.0
68152adb893adc481c9693e2140e0e08417be79a,0,0.0,0.0,0.0,0.0,0.0,0.0,0.0,0.0,0.0,0.0,0.0
db99845855b2ecbfecca9a095062b96c3e27703f,1,1.0,1.0,0.0,0.0,0.0,0.0,0.0,0.0,0.0,0.0,0.0
97418507bc2fc7d55435bc3ca888b6b73c00df6e,1,0.0,0.0,0.0,0.0,0.0,0.0,0.0,0.0,0.0,0.0,0.0
a3f79dd37b914bcf408a83e4c18aa632ef18bdd0,0,0.0,0.0,0.0,0.0,0.0,0.0,0.0,0.0,0.0,0.0,0.0
3b369abd802c39104383a735fd38c4b5aafc89e9,0,0.0,0.0,0.0,0.0,0.0,0.0,0.0,0.0,0.0,0.0,0.0
9485989ff514b5106b7738850fd73c23e8c1e3f7,0,0.0,0.0,0.0,0.0,0.0,0.0,0.0,0.0,0.0,0.0,0.0
ca015f3928f9c0cf15f6b71489ebf1bc9bceb9e5,0,0.0,0.0,0.0,0.0,0.0,0.0,0.0,0.0,0.0,0.0,0.0
12a528cedcb2ffdb7bfbe2cb9e4de8f2589085b8,0,0.0,0.0,0.0,0.0,0.0,0.0,0.0,0.0,0.0,0.0,0.0
b88fb872d751824100243405ef910504a44dd254,0,0.0,0.0,0.0,0.0,0.0,0.0,0.0,0.0,0.0,0.0,0.0
1adbefc8623ed5d6104817c99554914a73642fde,0,0.0,0.0,0.0,0.0,0.0,0.0,0.0,0.0,0.0,0.0,0.0
5ad7e8cd0250b61a1fc75ad050b488b7b4038b64,0,0.0,0.0,0.0,0.0,0.0,0.0,0.0,0.0,0.0,0.0,0.0
78420031dd45fa2bb58a9c7fd2392ccc0714e1c0,0,0.0,0.0,0.0,0.0,0.0,0.0,0.0,0.0,0.0,0.0,0.0
3d54973f528b01019a58a52d34d518405a01b891,0,0.0,0.0,0.0,0.0,0.0,0.0,0.0,0.0,0.0,0.0,0.0
81736358b1645103ae83247b10c5f82af641ddfc,0,0.0,0.0,0.0,0.0,0.0,0.0,0.0,0.0,0.0,0.0,0.0
ffb2ab9b1195e1bbe644ed3343466164c40eda5b,0,0.0,0.0,0.0,0.0,0.0,0.0,0.0,0.0,0.0,0.0,0.0
1ca4451a105d7bc024db57374b9688449e6e8034,0,0.0,0.0,0.0,0.0,0.0,0.0,0.0,0.0,0.0,0.0,0.0
4385b8d30daeb4ea64661797efe28352392f6a3f,0,0.0,0.0,0.0,0.0,0.0,0.0,0.0,0.0,0.0,0.0,0.0
36061504daefc9f677075067579dbd48d52fd510,0,0.0,0.0,0.0,0.0,0.0,0.0,0.0,0.0,0.0,0.0,0.0
8e5e19acb1440a61dfceaf743d3aaab3204a156a,2,0.0,0.0,0.0,0.0,0.0,0.0,0.0,0.0,0.0,0.0,0.0
5c17fa16fa9321017c9cfe4671ca457b1d6ab33c,1,0.0,0.0,0.0,0.0,0.0,0.0,0.0,0.0,0.0,0.0,0.0
57a9901af6fe030198ef1737783e2048ee96da4a,1,0.0,0.0,0.0,0.0,0.0,0.0,0.0,0.0,0.0,0.0,0.0
1925f793093581c47a5c6b2e414506b1cbae280d,2,0.0,0.0,0.0,0.0,0.0,0.0,0.0,0.0,0.0,0.0,0.0
1925f793093581c47a5c6b2e414506b1cbae280d,4,0.0,0.0,0.0,0.0,0.0,0.0,0.0,0.0,0.0,0.0,0.0
b414f4f4752a48f864bccee08d27d05ddcf122b6,0,0.0,0.0,0.0,0.0,0.0,0.0,0.0,0.0,0.0,0.0,0.0
8031d0271eabb73083eb5143e19c02a67f7be64e,1,0.0,0.0,0.0,0.0,0.0,0.0,0.0,0.0,0.0,0.0,0.0
6e54170200ffa6094a872827fb1a018178e8775d,0,0.0,0.0,0.0,0.0,0.0,0.0,0.0,0.0,0.0,0.0,0.0
f1930c0b2c8a1f098d94d78981a6084b43221857,0,0.0,0.0,0.0,0.0,0.0,0.0,0.0,0.0,0.0,0.0,0.0
1925f793093581c47a5c6b2e414506b1cbae280d,4,0.0,0.0,0.0,0.0,0.0,0.0,0.0,0.0,0.0,0.0,0.0
3d9a9918d4bebe77e888fba6e66ce2c110aaa634,8,0.0,0.0,0.0,0.0,0.0,0.0,0.0,0.0,0.0,0.0,0.0
7a6d14045a8c59da8f118c2de7fb86f37126b23f,0,0.0,0.0,0.0,0.0,0.0,0.0,0.0,0.0,0.0,0.0,0.0
61924f449b8c63c01d255bd398625b4f780b272b,1,0.0,0.0,0.0,0.0,0.0,0.0,0.0,0.0,0.0,0.0,0.0
b3136f301cb3a0cf75a66fefe4e276153d5f9c6b,0,0.0,0.0,0.0,0.0,0.0,0.0,0.0,0.0,0.0,0.0,0.0
b52829dc68da54e30adbea38795dfeefc5bce8d2,0,0.0,0.0,0.0,0.0,0.0,0.0,0.0,0.0,0.0,0.0,0.0
1925f793093581c47a5c6b2e414506b1cbae280d,0,0.0,0.0,0.0,0.0,0.0,0.0,0.0,0.0,0.0,0.0,0.0
9f80bd99a93fa942b50d2cceac002b5fcbc73076,0,0.0,0.0,0.0,0.0,0.0,0.0,0.0,0.0,0.0,0.0,0.0
25cbcdcdea2f4a952f54c334cdbd4ac040ea2826,0,0.0,0.0,0.0,0.0,0.0,0.0,0.0,0.0,0.0,0.0,0.0
dab6fb02e10dec86d7667cd11fab9e8338b94561,0,0.0,0.0,0.0,0.0,0.0,0.0,0.0,0.0,0.0,0.0,0.0
1939f247b3ae06244a8d50fa7dabbcc975c6fc4c,0,0.0,0.0,0.0,0.0,0.0,0.0,0.0,0.0,0.0,0.0,0.0
d5cc4465693c483a666b4f5c0cfe02cb7c9d6974,0,0.0,0.0,0.0,0.0,0.0,0.0,0.0,0.0,0.0,0.0,0.0
68c74d3ad11f6f72b40314d73abe55e6fad8e14b,0,0.0,0.0,0.0,0.0,0.0,0.0,0.0,0.0,0.0,0.0,0.0
abb5872032a9382d9d26e676e264385bc7a93048,1,0.0,0.0,0.0,0.0,0.0,0.0,0.0,0.0,0.0,0.0,0.0
4a7c09716cbb318b65b10bac815a6eca2c730537,0,0.0,0.0,0.0,0.0,0.0,0.0,0.0,0.0,0.0,0.0,0.0
68c74d3ad11f6f72b40314d73abe55e6fad8e14b,2,0.0,0.0,0.0,0.0,0.0,0.0,0.0,0.0,0.0,0.0,0.0
68c74d3ad11f6f72b40314d73abe55e6fad8e14b,1,0.0,0.0,0.0,0.0,0.0,0.0,0.0,0.0,0.0,0.0,0.0
48e980da0ee19dc3cbe158ade8e6a1617338ca6c,0,0.0,0.0,0.0,0.0,0.0,0.0,0.0,0.0,0.0,0.0,0.0
48e980da0ee19dc3cbe158ade8e6a1617338ca6c,0,0.0,0.0,0.0,0.0,0.0,0.0,0.0,0.0,0.0,0.0,0.0
e4706359fc4117d0efea7adb012984601954e2af,2,0.0,0.0,0.0,0.0,0.0,0.0,0.0,0.0,0.0,0.0,0.0
a471cda634819a161700bee24f93e7a6d44af6ca,0,0.0,0.0,0.0,0.0,0.0,0.0,0.0,0.0,0.0,0.0,0.0
d5cc4465693c483a666b4f5c0cfe02cb7c9d6974,1,0.0,0.0,0.0,0.0,0.0,0.0,0.0,0.0,0.0,0.0,0.0
0eb099a357584b4f955cbda61225dc381eab39b3,0,0.0,0.0,0.0,0.0,0.0,0.0,0.0,0.0,0.0,0.0,0.0
ea311cae1db220eb0eedf5838d5f0e0677b26116,0,0.0,0.0,0.0,0.0,0.0,0.0,0.0,0.0,0.0,0.0,0.0
0addea4dd1a97e03a3274f8a805c816bc3526de5,2,0.0,0.0,0.0,0.0,0.0,0.0,0.0,0.0,0.0,0.0,0.0
812130f2fe69676fa9a8692cd7638f1dc336161e,0,0.0,0.0,0.0,0.0,0.0,0.0,0.0,0.0,0.0,0.0,0.0
0d94eb6cc812953bc388b7cade277e4a652f61d0,0,0.0,0.0,0.0,0.0,0.0,0.0,0.0,0.0,0.0,0.0,0.0
fe8627bbe00e15849106dc06c9e196ef18107c8d,0,0.0,0.0,0.0,0.0,0.0,0.0,0.0,0.0,0.0,0.0,0.0
a7bbbcb68a3a9c314bf5aef101264ca192aa475e,0,0.0,0.0,0.0,0.0,0.0,0.0,0.0,0.0,0.0,0.0,0.0
1925f793093581c47a5c6b2e414506b1cbae280d,0,0.0,0.0,0.0,0.0,0.0,0.0,0.0,0.0,0.0,0.0,0.0
c941e583cded9dc2a49f7c879809d1adea659d1e,0,0.0,0.0,0.0,0.0,0.0,0.0,0.0,0.0,0.0,0.0,0.0
4ed4a621d9bc7614e18d955a915ea0ed43e0b00b,0,0.0,0.0,0.0,0.0,0.0,0.0,0.0,0.0,0.0,0.0,0.0
c25bbb6b22e1b1b1545f07253bb119ab3ff6b32f,0,0.0,0.0,0.0,0.0,0.0,0.0,0.0,0.0,0.0,0.0,0.0
a38a57723537c6faf8c54d7e639f953db54b15d9,0,0.0,0.0,0.0,0.0,0.0,0.0,0.0,0.0,0.0,0.0,0.0
2922e12594306ed2f517ef5a341de5247c8c8b83,0,0.0,0.0,0.0,0.0,0.0,0.0,0.0,0.0,0.0,0.0,0.0
9b466094ec991a03cb95c489c19c4d75635f0ae5,0,0.0,0.0,0.0,0.0,0.0,0.0,0.0,0.0,0.0,0.0,0.0
f687604ae801bc390ff2b07bd9ad7ace07f30862,0,0.0,0.0,0.0,0.0,0.0,0.0,0.0,0.0,0.0,0.0,0.0
061e4a935e0e7c678a0806fcbf9875c2e0e2371c,0,0.0,0.0,0.0,0.0,0.0,0.0,0.0,0.0,0.0,0.0,0.0
dfba7aade0868074c2861c98e2a9a92f3178a51b,0,0.0,0.0,0.0,0.0,0.0,0.0,0.0,0.0,0.0,0.0,0.0
5888233fea5965e9fe70fb8a9b91202a0c3e69bd,1,0.0,0.0,0.0,0.0,0.0,0.0,0.0,0.0,0.0,0.0,0.0
441ab0bdb96089edd0b9ab073c20d034068e0f90,0,0.0,0.0,0.0,0.0,0.0,0.0,0.0,0.0,0.0,0.0,0.0
523e82bb46a37320a265a264718e63ca566afc82,0,0.0,0.0,0.0,0.0,0.0,0.0,0.0,0.0,0.0,0.0,0.0
914d2f79f614563e7e517c1a19653076bc5409bf,0,0.0,0.0,0.0,0.0,0.0,0.0,0.0,0.0,0.0,0.0,0.0
9baf548a09e08b86c47dc0ee31baaab1b448d881,2,0.0,0.0,0.0,0.0,0.0,0.0,0.0,0.0,0.0,0.0,0.0
1925f793093581c47a5c6b2e414506b1cbae280d,1,0.0,0.0,0.0,0.0,0.0,0.0,0.0,0.0,0.0,0.0,0.0
957dedc1746e4977c9c8b54296376672e691cd12,0,0.0,0.0,0.0,0.0,0.0,0.0,0.0,0.0,0.0,0.0,0.0
dc99f0e225b8d46e035790166fbb7aceef2a5f6e,1,0.0,0.0,0.0,0.0,0.0,0.0,0.0,0.0,0.0,0.0,0.0
9307bf2e4a06b0aa281272cafe0e206c9678a173,0,0.0,0.0,0.0,0.0,0.0,0.0,0.0,0.0,0.0,0.0,0.0
fe8003f1b7ff740aba79c22cf07280a321c974b4,0,0.0,0.0,0.0,0.0,0.0,0.0,0.0,0.0,0.0,0.0,0.0
1939f247b3ae06244a8d50fa7dabbcc975c6fc4c,0,0.0,0.0,0.0,0.0,0.0,0.0,0.0,0.0,0.0,0.0,0.0
0576505021d3b98f4b805bf12ec09587d44e2f6d,0,0.0,0.0,0.0,0.0,0.0,0.0,0.0,0.0,0.0,0.0,0.0
ae925ac7124c350f4b04605d380ec5e2ec350f7f,1,0.0,0.0,0.0,0.0,0.0,0.0,0.0,0.0,0.0,0.0,0.0
0f3d88808ce1ba85fa5408c95e66c6fdb3711eaa,1,0.0,0.0,0.0,0.0,0.0,0.0,0.0,0.0,0.0,0.0,0.0
e540cdd1328b2b21e29a95405c301b9313b7c346,0,0.0,0.0,0.0,0.0,0.0,0.0,0.0,0.0,0.0,0.0,0.0
df73e7e47688968173e495346f6439cd01110910,4,0.0,0.0,0.0,0.0,0.0,0.0,0.0,0.0,0.0,0.0,0.0
c8184326dc554e7e5026e226b4b764bcdf8303fa,0,0.0,0.0,0.0,0.0,0.0,0.0,0.0,0.0,0.0,0.0,0.0
ca7b4b0a78d8479274756f66a8643d2938df5324,0,0.0,0.0,0.0,0.0,0.0,0.0,0.0,0.0,0.0,0.0,0.0
ea921854149afae688cce9fa767e0cbd1b9ea667,1,2.0,2.0,0.0,0.0,0.0,0.0,0.0,0.0,0.0,0.0,0.0
fbb39ad80900e63a5bf1d343092ef6e6818a5240,2,0.0,0.0,0.0,0.0,0.0,0.0,0.0,0.0,0.0,0.0,0.0
13dca44b72db8dfdcedf21717215fcd1c7c2d2f1,0,0.0,0.0,0.0,0.0,0.0,0.0,0.0,0.0,0.0,0.0,0.0
4c5c93276312423a673fafb4e90cacecfa6c0fce,0,0.0,0.0,0.0,0.0,0.0,0.0,0.0,0.0,0.0,0.0,0.0
fbcf0cba0d0adc2e39ed72ac4488bcdd85290855,0,0.0,0.0,0.0,0.0,0.0,0.0,0.0,0.0,0.0,0.0,0.0
6dd26321c2f389364174aea11ab304506bc6ad8c,1,4.0,4.0,0.0,0.0,0.0,0.0,0.0,0.0,0.0,0.0,0.0
fe9d8044fa41f871c7f4f0236dcc55fe94bf58f9,1,0.0,0.0,0.0,0.0,0.0,0.0,0.0,0.0,0.0,0.0,0.0
e540cdd1328b2b21e29a95405c301b9313b7c346,0,0.0,0.0,0.0,0.0,0.0,0.0,0.0,0.0,0.0,0.0,0.0
d0c4047caa5bbe26ed27248a3fc325cb8b972f6b,0,0.0,0.0,0.0,0.0,0.0,0.0,0.0,0.0,0.0,0.0,0.0
bec0f5e7cc3b334d45f3fcdb8e58ddf93681080d,0,0.0,0.0,0.0,0.0,0.0,0.0,0.0,0.0,0.0,0.0,0.0
1939f247b3ae06244a8d50fa7dabbcc975c6fc4c,0,0.0,0.0,0.0,0.0,0.0,0.0,0.0,0.0,0.0,0.0,0.0
ae925ac7124c350f4b04605d380ec5e2ec350f7f,0,0.0,0.0,0.0,0.0,0.0,0.0,0.0,0.0,0.0,0.0,0.0
e540cdd1328b2b21e29a95405c301b9313b7c346,0,0.0,0.0,0.0,0.0,0.0,0.0,0.0,0.0,0.0,0.0,0.0
c2a6b03f190dfb2b4aa91f8af8d477a9bc3401dc,0,0.0,0.0,0.0,0.0,0.0,0.0,0.0,0.0,0.0,0.0,0.0
9b7c68a918b17eb053809b198d7c9abfc142f30a,0,0.0,0.0,0.0,0.0,0.0,0.0,0.0,0.0,0.0,0.0,0.0
9ead47a82a0d25985f22f10651d1f93b3abba317,0,0.0,0.0,0.0,0.0,0.0,0.0,0.0,0.0,0.0,0.0,0.0
0a25ba5991316bdda4a9b3abcee2106016df28a0,0,2.0,2.0,0.0,0.0,0.0,0.0,0.0,0.0,0.0,0.0,0.0
9485989ff514b5106b7738850fd73c23e8c1e3f7,0,0.0,0.0,0.0,0.0,0.0,0.0,0.0,0.0,0.0,0.0,0.0
0576505021d3b98f4b805bf12ec09587d44e2f6d,0,0.0,0.0,0.0,0.0,0.0,0.0,0.0,0.0,0.0,0.0,0.0
e540cdd1328b2b21e29a95405c301b9313b7c346,1,0.0,0.0,0.0,0.0,0.0,0.0,0.0,0.0,0.0,0.0,0.0
8f3a07543988e4673dcae5e59c35323c5791f370,0,0.0,0.0,0.0,0.0,0.0,0.0,0.0,0.0,0.0,0.0,0.0
c2a6b03f190dfb2b4aa91f8af8d477a9bc3401dc,0,0.0,0.0,0.0,0.0,0.0,0.0,0.0,0.0,0.0,0.0,0.0
9b7c68a918b17eb053809b198d7c9abfc142f30a,0,0.0,0.0,0.0,0.0,0.0,0.0,0.0,0.0,0.0,0.0,0.0
f33d2845754bcb56e4b268e78c2378c7874b467f,0,0.0,0.0,0.0,0.0,0.0,0.0,0.0,0.0,0.0,0.0,0.0
a7b8e850785684d6fca8dc7b3bf69c6ba9ecd30b,0,0.0,0.0,0.0,0.0,0.0,0.0,0.0,0.0,0.0,0.0,0.0
e540cdd1328b2b21e29a95405c301b9313b7c346,1,0.0,0.0,0.0,0.0,0.0,0.0,0.0,0.0,0.0,0.0,0.0
9e7414be3f6364a0c346edbddda3c17b84c97679,0,0.0,0.0,0.0,0.0,0.0,0.0,0.0,0.0,0.0,0.0,0.0
8e06f3c229615a6be30721b12da305fb3583257f,0,0.0,0.0,0.0,0.0,0.0,0.0,0.0,0.0,0.0,0.0,0.0
623430643f9ca6ab3451fb52695f32312b1e0ee4,0,0.0,0.0,0.0,0.0,0.0,0.0,0.0,0.0,0.0,0.0,0.0
939e3a356ed64ca17c8a94d2d891a7280b0b9ba9,0,0.0,0.0,0.0,0.0,0.0,0.0,0.0,0.0,0.0,0.0,0.0
081126048fb2d742f608e19e66d1ea31785e6513,0,0.0,0.0,0.0,0.0,0.0,0.0,0.0,0.0,0.0,0.0,0.0
b3802f8cae7004dd645a12a68426aec08fe1ba73,0,0.0,0.0,0.0,0.0,0.0,0.0,0.0,0.0,0.0,0.0,0.0
94700bd8786894be24b2f54e5d8bff2824ab5cec,0,0.0,0.0,0.0,0.0,0.0,0.0,0.0,0.0,0.0,0.0,0.0
072c5517df10245db549de2f5cb68dd57202a80a,0,0.0,0.0,0.0,0.0,0.0,0.0,0.0,0.0,0.0,0.0,0.0
7875dffd588b7b09366a75dc8172a4397c52d249,0,0.0,0.0,0.0,0.0,0.0,0.0,0.0,0.0,0.0,0.0,0.0
3003e3fc3aae511920411ccd3618291de724b98f,1,0.0,0.0,0.0,0.0,0.0,0.0,0.0,0.0,0.0,0.0,0.0
9a70cd7f1a8e3eeac16db19812a69e27a413dbd8,0,0.0,0.0,0.0,0.0,0.0,0.0,0.0,0.0,0.0,0.0,0.0
168bbed5f1a00b96e70d56295933c38a7d207ceb,0,0.0,0.0,0.0,0.0,0.0,0.0,0.0,0.0,0.0,0.0,0.0
8dc13da4362fe472761b20b1440ad570818a3980,0,0.0,0.0,0.0,0.0,0.0,0.0,0.0,0.0,0.0,0.0,0.0
70ca06459fe0d0b1d5e3cb34e68ea1cbe040c876,0,0.0,0.0,0.0,0.0,0.0,0.0,0.0,0.0,0.0,0.0,0.0
81736358b1645103ae83247b10c5f82af641ddfc,0,0.0,0.0,0.0,0.0,0.0,0.0,0.0,0.0,0.0,0.0,0.0
72bcbbe02e7593106f4f28574f9814466bf37c0d,1,0.0,0.0,0.0,0.0,0.0,0.0,0.0,0.0,0.0,0.0,0.0
9fb1afb7ed5e9225fd5795510b4ee27ed7207f2d,0,0.0,0.0,0.0,0.0,0.0,0.0,0.0,0.0,0.0,0.0,0.0
51a9b308208122d19e7b95c20de6d14786f5baaf,0,0.0,0.0,0.0,0.0,0.0,0.0,0.0,0.0,0.0,0.0,0.0
a99de30bbb07041f31c052244dc7f369a8db03c0,0,0.0,0.0,0.0,0.0,0.0,0.0,0.0,0.0,0.0,0.0,0.0
f8995ba5891b07e328c60d6bd6c10159878c5a13,0,0.0,0.0,0.0,0.0,0.0,0.0,0.0,0.0,0.0,0.0,0.0
1938ca01c1a2d0cb4acf6ba7a25d157f7a4b6c29,0,0.0,0.0,0.0,0.0,0.0,0.0,0.0,0.0,0.0,0.0,0.0
c2c21d5ffc059b97536205907fa6ae8ff0d68132,0,0.0,0.0,0.0,0.0,0.0,0.0,0.0,0.0,0.0,0.0,0.0
b0efe652badc0e301ee66de5242b2e226b011575,0,0.0,0.0,0.0,0.0,0.0,0.0,0.0,0.0,0.0,0.0,0.0
da761ae171a4db3ea3ac3be5eb45f413652af74e,1,0.0,0.0,0.0,0.0,0.0,0.0,0.0,0.0,0.0,0.0,0.0
6721523f94c4ff203cea42bf951909f52375c0f4,1,0.0,0.0,0.0,0.0,0.0,0.0,0.0,0.0,0.0,0.0,0.0
78c1119a136470bf450bc5340fbabb0b0c0899d6,0,0.0,0.0,0.0,0.0,0.0,0.0,0.0,0.0,0.0,0.0,0.0
27dc972e3d2b788db7d4c11c3c743839165601c0,0,0.0,0.0,0.0,0.0,0.0,0.0,0.0,0.0,0.0,0.0,0.0
99ea04bf9a09b022c98c15b9c86fe7dc9a8dbd2e,0,0.0,0.0,0.0,0.0,0.0,0.0,0.0,0.0,0.0,0.0,0.0
e540cdd1328b2b21e29a95405c301b9313b7c346,0,0.0,0.0,0.0,0.0,0.0,0.0,0.0,0.0,0.0,0.0,0.0
1939f247b3ae06244a8d50fa7dabbcc975c6fc4c,0,0.0,0.0,0.0,0.0,0.0,0.0,0.0,0.0,0.0,0.0,0.0
e2121f3ad60c9e5deb52e0bf1912035da9e3232d,0,0.0,0.0,0.0,0.0,0.0,0.0,0.0,0.0,0.0,0.0,0.0
492252e74bbaeeb6cd7f440fdf0d11cfb0959010,2,0.0,0.0,0.0,0.0,0.0,0.0,0.0,0.0,0.0,0.0,0.0
3a365b8f162a676b19a138a67445f0a6892ca77c,0,0.0,0.0,0.0,0.0,0.0,0.0,0.0,0.0,0.0,0.0,0.0
ae925ac7124c350f4b04605d380ec5e2ec350f7f,0,0.0,0.0,0.0,0.0,0.0,0.0,0.0,0.0,0.0,0.0,0.0
e540cdd1328b2b21e29a95405c301b9313b7c346,0,0.0,0.0,0.0,0.0,0.0,0.0,0.0,0.0,0.0,0.0,0.0
9b466094ec991a03cb95c489c19c4d75635f0ae5,0,0.0,0.0,0.0,0.0,0.0,0.0,0.0,0.0,0.0,0.0,0.0
3ca8231b298cb08eafe1338cabb3c3488ee41c22,0,0.0,0.0,0.0,0.0,0.0,0.0,0.0,0.0,0.0,0.0,0.0
a65694f1ea396bbe617774b8a143d7086fc4d7a8,0,0.0,0.0,0.0,0.0,0.0,0.0,0.0,0.0,0.0,0.0,0.0
cdae093add24d77538dc4fcc85998dfac394cdc9,1,0.0,0.0,0.0,0.0,0.0,0.0,0.0,0.0,0.0,0.0,0.0
d7eb6b340a11a367a1bec55e4a421d949214759f,0,0.0,0.0,0.0,0.0,0.0,0.0,0.0,0.0,0.0,0.0,0.0
be3f31bd57578e57ff9e46175e271913d30503f6,0,0.0,0.0,0.0,0.0,0.0,0.0,0.0,0.0,0.0,0.0,0.0
f7dc5ec89ace04afa0dfcc5c2c63a457bc733b57,1,0.0,0.0,0.0,0.0,0.0,0.0,0.0,0.0,0.0,0.0,0.0
32ed0d68604eb6121b940cd5b8b2696a34081671,0,0.0,0.0,0.0,0.0,0.0,0.0,0.0,0.0,0.0,0.0,0.0
8f065c5e2e83475b3b71abcc04dd336231363231,0,0.0,0.0,0.0,0.0,0.0,0.0,0.0,0.0,0.0,0.0,0.0
d71b4811b03d875b7d882365162a4c921fbf4f33,1,8.0,8.0,0.0,0.0,0.0,0.0,0.0,0.0,0.0,0.0,0.0
748704ba53093f3635e2f9cd5da727bc8d8c13d5,1,8.0,8.0,0.0,0.0,0.0,0.0,0.0,0.0,0.0,0.0,0.0
4c91330c57b1f26f16a92bbcb0653bc2a60a5b88,1,0.0,0.0,0.0,0.0,0.0,0.0,0.0,0.0,0.0,0.0,0.0
fa64642003487da379238275904d5b1add52aba4,0,0.0,0.0,0.0,0.0,0.0,0.0,0.0,0.0,0.0,0.0,0.0
7d87d53305e8d6b28b5bfb655025898df6c49ed4,0,0.0,0.0,0.0,0.0,0.0,0.0,0.0,0.0,0.0,0.0,0.0
c3a71b15188728829ec565f4ad9cd36e66dfc593,1,16.0,16.0,0.0,0.0,0.0,0.0,0.0,0.0,0.0,0.0,0.0
1808a1bed2af55eba07be43f3836c7316f6c8f9c,2,33.0,33.0,0.0,0.0,0.0,0.0,0.0,0.0,0.0,0.0,0.0
1da8402449899ec1ba9c34c095dbb79d0585dcd7,2,0.0,0.0,0.0,0.0,0.0,0.0,0.0,0.0,0.0,0.0,0.0
6659e731920454904f284a460be6c606de542510,0,0.0,0.0,0.0,0.0,0.0,0.0,0.0,0.0,0.0,0.0,0.0
f410e0466ae4b065bfa4d9010ad6056864ed4e50,0,0.0,0.0,0.0,0.0,0.0,0.0,0.0,0.0,0.0,0.0,0.0
27b0b1746a3886f3f20c578c38d6aac35e6b7549,0,0.0,0.0,0.0,0.0,0.0,0.0,0.0,0.0,0.0,0.0,0.0
36061504daefc9f677075067579dbd48d52fd510,0,0.0,0.0,0.0,0.0,0.0,0.0,0.0,0.0,0.0,0.0,0.0
819d63fec3d48ec03d7f814d0b6d2eebce3cc41e,0,0.0,0.0,0.0,0.0,0.0,0.0,0.0,0.0,0.0,0.0,0.0
fa2e8f468d7d5d5d393fa7e33c47cde34bffe5bd,0,0.0,0.0,0.0,0.0,0.0,0.0,0.0,0.0,0.0,0.0,0.0
47ae9b47202facbe00e3f7ecffa69dcb8ac3626a,0,0.0,0.0,0.0,0.0,0.0,0.0,0.0,0.0,0.0,0.0,0.0
91e0cf37c9aebef22763a380393c6735799d9436,2,0.0,0.0,0.0,0.0,0.0,0.0,0.0,0.0,0.0,0.0,0.0
30a556c3cdb959de69c7e0d3a5051b881ab86ec1,0,0.0,0.0,0.0,0.0,0.0,0.0,0.0,0.0,0.0,0.0,0.0
052801bd24256275d9990a1970c15d4d7da5f971,0,0.0,0.0,0.0,0.0,0.0,0.0,0.0,0.0,0.0,0.0,0.0
2ee641ba5f758c13d81ecfc1869cdf5e2a3d7e9f,0,0.0,0.0,0.0,0.0,0.0,0.0,0.0,0.0,0.0,0.0,0.0
4450f4ea88adce8bb5b4307de328bdad2226fb7d,0,0.0,0.0,0.0,0.0,0.0,0.0,0.0,0.0,0.0,0.0,0.0
6b8be028aaf42982dfdad1410d8dcf5e6bc75e31,0,0.0,0.0,0.0,0.0,0.0,0.0,0.0,0.0,0.0,0.0,0.0
dfd1afcb2b7b4fd66fbbb24e5b82c12bfa7290f8,0,0.0,0.0,0.0,0.0,0.0,0.0,0.0,0.0,0.0,0.0,0.0
aff017ebed3731db1c0bdebd47c3b483ef7170b2,1,6.0,6.0,0.0,0.0,0.0,0.0,0.0,0.0,0.0,0.0,0.0
a100b213e389ed6fe14dab6357238a18055d1860,1,0.0,0.0,0.0,0.0,0.0,0.0,0.0,0.0,0.0,0.0,0.0
3b2e8f274f10166fee7396579f3dda5d4f910569,0,0.0,0.0,0.0,0.0,0.0,0.0,0.0,0.0,0.0,0.0,0.0
542d370f04a45f77f76684147d0f7a40484a4b9a,1,0.0,0.0,0.0,0.0,0.0,0.0,0.0,0.0,0.0,0.0,0.0
a29ec119e30e60fbf73bec122bd10d1845fd54d0,0,0.0,0.0,0.0,0.0,0.0,0.0,0.0,0.0,0.0,0.0,0.0
1594d58734a19cb12093b2ce04bf7e2315333140,1,0.0,0.0,0.0,0.0,0.0,0.0,0.0,0.0,0.0,0.0,0.0
a401518fbdfe3a2b935cebbb088c833e5d5c88f4,0,0.0,0.0,0.0,0.0,0.0,0.0,0.0,0.0,0.0,0.0,0.0
d5e73ae597713217fb4e3f72672878ecbb5cc7ac,1,0.0,0.0,0.0,0.0,0.0,0.0,0.0,0.0,0.0,0.0,0.0
9524adfc155e26d7fd6f7092646f1c0bbbc16cc7,0,0.0,0.0,0.0,0.0,0.0,0.0,0.0,0.0,0.0,0.0,0.0
72e9814d35ee35beb656289a026bda4fcd430142,1,10.0,10.0,0.0,0.0,0.0,0.0,0.0,0.0,0.0,0.0,0.0
85d05f1c3ea0096e38e8f151b582f94373d48cfa,5,0.0,0.0,0.0,0.0,0.0,0.0,0.0,0.0,0.0,0.0,0.0
5ee9f69cadbc9e9ccd969acd47e11ae8c2024502,0,0.0,0.0,0.0,0.0,0.0,0.0,0.0,0.0,0.0,0.0,0.0
a0b3c78012c06e10a54945bae87a319729621a76,0,0.0,0.0,0.0,0.0,0.0,0.0,0.0,0.0,0.0,0.0,0.0
8ccb7e75b262a6a88bf8e9a100efb4df5057db57,0,0.0,0.0,0.0,0.0,0.0,0.0,0.0,0.0,0.0,0.0,0.0
8facd78f13723be2294711bb49aae0e5ed2e9ffe,0,0.0,0.0,0.0,0.0,0.0,0.0,0.0,0.0,0.0,0.0,0.0
9667c4c3a1395769cdc40ca40295c31fc51bf90c,0,0.0,0.0,0.0,0.0,0.0,0.0,0.0,0.0,0.0,0.0,0.0
79b29b76b960393bca5350fb9029913c6bb86317,5,15.0,15.0,0.0,0.0,0.0,0.0,0.0,0.0,0.0,0.0,0.0
e9dd32a34e41bfe32eb4b61367ffa6333643211a,2,6.0,6.0,0.0,0.0,0.0,0.0,0.0,0.0,0.0,0.0,0.0
60474af3efd9dfd78ecf0aa35f6221231223944a,1,0.0,0.0,0.0,0.0,0.0,0.0,0.0,0.0,0.0,0.0,0.0
2dc4fb643b6431fcc6d51d34e8da3c87da2dcdd3,0,0.0,0.0,0.0,0.0,0.0,0.0,0.0,0.0,0.0,0.0,0.0
031ca3c4a32d15f2a6ae524b782a9fd9103fc85b,2,6.0,6.0,0.0,0.0,0.0,0.0,0.0,0.0,0.0,0.0,0.0
1925f793093581c47a5c6b2e414506b1cbae280d,2,0.0,0.0,0.0,0.0,0.0,0.0,0.0,0.0,0.0,0.0,0.0
56a0118dbda1d5050aebf2bb6654c7c4dbfc69f3,0,0.0,0.0,0.0,0.0,0.0,0.0,0.0,0.0,0.0,0.0,0.0
590f9601344c53472b730421e49da4726d5fec28,0,0.0,0.0,0.0,0.0,0.0,0.0,0.0,0.0,0.0,0.0,0.0
f4e39b83299ce0118fbf00234015812edd587281,0,0.0,0.0,0.0,0.0,0.0,0.0,0.0,0.0,0.0,0.0,0.0
e3264dd1c77dd77d549b569d7ab6e388f115e4d1,0,0.0,0.0,0.0,0.0,0.0,0.0,0.0,0.0,0.0,0.0,0.0
d3dc83a5285f911db504d3da6bd055ee9a9b2e2e,1,0.0,0.0,0.0,0.0,0.0,0.0,0.0,0.0,0.0,0.0,0.0
8f92db33692d88ae80cb41b2212dfb979c8c74fb,1,0.0,0.0,0.0,0.0,0.0,0.0,0.0,0.0,0.0,0.0,0.0
b974d78f00ebc90f9a8aa9607ca15a0ce14cde63,1,0.0,0.0,0.0,0.0,0.0,0.0,0.0,0.0,0.0,0.0,0.0
fb680a25323ae986b964d20f93e0b1ca90c6d222,0,0.0,0.0,0.0,0.0,0.0,0.0,0.0,0.0,0.0,0.0,0.0
bc8645af6a4a87b20b433f0b963aae7aaa3cf96f,1,0.0,0.0,0.0,0.0,0.0,0.0,0.0,0.0,0.0,0.0,0.0
1925f793093581c47a5c6b2e414506b1cbae280d,0,0.0,0.0,0.0,0.0,0.0,0.0,0.0,0.0,0.0,0.0,0.0
1925f793093581c47a5c6b2e414506b1cbae280d,0,0.0,0.0,0.0,0.0,0.0,0.0,0.0,0.0,0.0,0.0,0.0
1925f793093581c47a5c6b2e414506b1cbae280d,1,0.0,0.0,0.0,0.0,0.0,0.0,0.0,0.0,0.0,0.0,0.0
1939f247b3ae06244a8d50fa7dabbcc975c6fc4c,0,0.0,0.0,0.0,0.0,0.0,0.0,0.0,0.0,0.0,0.0,0.0
1939f247b3ae06244a8d50fa7dabbcc975c6fc4c,0,0.0,0.0,0.0,0.0,0.0,0.0,0.0,0.0,0.0,0.0,0.0
6452e7c5a42f97b00af1a210afc7d4de315e57ec,0,0.0,0.0,0.0,0.0,0.0,0.0,0.0,0.0,0.0,0.0,0.0
1d16dc2dcc6851208c1b981e2ec377250a4a0cc5,0,0.0,0.0,0.0,0.0,0.0,0.0,0.0,0.0,0.0,0.0,0.0
ef5c844eab88bcaca779bd2f3ad67b573bbbbfca,0,0.0,0.0,0.0,0.0,0.0,0.0,0.0,0.0,0.0,0.0,0.0
1939f247b3ae06244a8d50fa7dabbcc975c6fc4c,0,0.0,0.0,0.0,0.0,0.0,0.0,0.0,0.0,0.0,0.0,0.0
caeb909ae4ff4ee25a0ff0d476946ed256f2aee1,1,0.0,0.0,0.0,0.0,0.0,0.0,0.0,0.0,0.0,0.0,0.0
4553a4f2a833f635e06b21120fd95dbd7dc3fe09,0,0.0,0.0,0.0,0.0,0.0,0.0,0.0,0.0,0.0,0.0,0.0
05bb76f1e435db71754a65f9e8acec7dfdd4c65d,0,0.0,0.0,0.0,0.0,0.0,0.0,0.0,0.0,0.0,0.0,0.0
4fb170389e1b482ed3c7fae2967caca7629c84a6,0,0.0,0.0,0.0,0.0,0.0,0.0,0.0,0.0,0.0,0.0,0.0
ea00c9c71a474f84e3280537f04ede09ae70e44f,0,0.0,0.0,0.0,0.0,0.0,0.0,0.0,0.0,0.0,0.0,0.0
fd5e6143d36ce5ffa6caff953de41436984b7fc3,0,0.0,0.0,0.0,0.0,0.0,0.0,0.0,0.0,0.0,0.0,0.0
