{
  "href" : "http://c6401.ambari.apache.org:8080/api/v1/stacks?fields=versions/repository_versions/RepositoryVersions",
  "items" : [
    {
      "href" : "http://c6401.ambari.apache.org:8080/api/v1/stacks/HDP",
      "Stacks" : {
        "stack_name" : "HDP"
      },
      "versions" : [
        {
          "href" : "http://c6401.ambari.apache.org:8080/api/v1/stacks/HDP/versions/1.3",
          "Versions" : {
            "stack_name" : "HDP",
            "stack_version" : "1.3"
          },
          "repository_versions" : [ ]
        },
        {
          "href" : "http://c6401.ambari.apache.org:8080/api/v1/stacks/HDP/versions/1.3.2",
          "Versions" : {
            "stack_name" : "HDP",
            "stack_version" : "1.3.2"
          },
          "repository_versions" : [ ]
        },
        {
          "href" : "http://c6401.ambari.apache.org:8080/api/v1/stacks/HDP/versions/1.3.3",
          "Versions" : {
            "stack_name" : "HDP",
            "stack_version" : "1.3.3"
          },
          "repository_versions" : [ ]
        },
        {
          "href" : "http://c6401.ambari.apache.org:8080/api/v1/stacks/HDP/versions/2.0",
          "Versions" : {
            "stack_name" : "HDP",
            "stack_version" : "2.0"
          },
          "repository_versions" : [ ]
        },
        {
          "href" : "http://c6401.ambari.apache.org:8080/api/v1/stacks/HDP/versions/2.0.6",
          "Versions" : {
            "stack_name" : "HDP",
            "stack_version" : "2.0.6"
          },
          "repository_versions" : [ ]
        },
        {
          "href" : "http://c6401.ambari.apache.org:8080/api/v1/stacks/HDP/versions/2.0.6.GlusterFS",
          "Versions" : {
            "stack_name" : "HDP",
            "stack_version" : "2.0.6.GlusterFS"
          },
          "repository_versions" : [ ]
        },
        {
          "href" : "http://c6401.ambari.apache.org:8080/api/v1/stacks/HDP/versions/2.1",
          "Versions" : {
            "stack_name" : "HDP",
            "stack_version" : "2.1"
          },
          "repository_versions" : [ ]
        },
        {
          "href" : "http://c6401.ambari.apache.org:8080/api/v1/stacks/HDP/versions/2.1.GlusterFS",
          "Versions" : {
            "stack_name" : "HDP",
            "stack_version" : "2.1.GlusterFS"
          },
          "repository_versions" : [ ]
        },
        {
          "href" : "http://c6401.ambari.apache.org:8080/api/v1/stacks/HDP/versions/2.2",
          "Versions" : {
            "stack_name" : "HDP",
            "stack_version" : "2.2"
          },
          "repository_versions" : [
            {
              "href" : "http://c6401.ambari.apache.org:8080/api/v1/stacks/HDP/versions/2.2/repository_versions/1",
              "RepositoryVersions" : {
                "display_name" : "HDP-2.2",
                "id" : 1,
                "repository_version" : "2.2",
                "stack_name" : "HDP",
                "stack_version" : "2.2",
                "upgrade_pack" : ""
              }
            },
            {
              "href" : "http://c6401.ambari.apache.org:8080/api/v1/stacks/HDP/versions/2.2/repository_versions/5",
              "RepositoryVersions" : {
                "display_name" : "HDP-2.2.0.1-112",
                "id" : 5,
                "repository_version" : "2.2.0.1-112",
                "stack_name" : "HDP",
                "stack_version" : "2.2",
                "upgrade_pack" : "upgrade-2.2"
              }
            },
            {
              "href" : "http://c6401.ambari.apache.org:8080/api/v1/stacks/HDP/versions/2.2/repository_versions/6",
              "RepositoryVersions" : {
                "display_name" : "HDP-2.2.0.1-113",
                "id" : 6,
                "repository_version" : "2.2.0.1-113",
                "stack_name" : "HDP",
                "stack_version" : "2.2",
                "upgrade_pack" : "upgrade-2.2"
              }
            },
            {
              "href" : "http://c6401.ambari.apache.org:8080/api/v1/stacks/HDP/versions/2.2/repository_versions/9",
              "RepositoryVersions" : {
                "display_name" : "HDP-2.2.1.1-111",
                "id" : 9,
                "repository_version" : "2.2.1.1-111",
                "stack_name" : "HDP",
                "stack_version" : "2.2",
                "upgrade_pack" : "upgrade-2.2"
              }
            }
          ]
        }
      ]
    }
  ]
}