
{
  "href" : "http://c6401.ambari.apache.org:8080/api/v1/stacks?fields=*",
  "items" : [
    {
      "href" : "http://c6401.ambari.apache.org:8080/api/v1/stacks/HDP",
      "Stacks" : {
        "stack_name" : "HDP"
      },
      "versions" : [
        {
          "href" : "http://c6401.ambari.apache.org:8080/api/v1/stacks/HDP/versions/1.3",
          "Versions" : {
            "stack_name" : "HDP",
            "stack_version" : "1.3"
          }
        },
        {
          "href" : "http://c6401.ambari.apache.org:8080/api/v1/stacks/HDP/versions/1.3.2",
          "Versions" : {
            "stack_name" : "HDP",
            "stack_version" : "1.3.2"
          }
        },
        {
          "href" : "http://c6401.ambari.apache.org:8080/api/v1/stacks/HDP/versions/1.3.3",
          "Versions" : {
            "stack_name" : "HDP",
            "stack_version" : "1.3.3"
          }
        },
        {
          "href" : "http://c6401.ambari.apache.org:8080/api/v1/stacks/HDP/versions/2.0",
          "Versions" : {
            "stack_name" : "HDP",
            "stack_version" : "2.0"
          }
        },
        {
          "href" : "http://c6401.ambari.apache.org:8080/api/v1/stacks/HDP/versions/2.0.6",
          "Versions" : {
            "stack_name" : "HDP",
            "stack_version" : "2.0.6"
          }
        },
        {
          "href" : "http://c6401.ambari.apache.org:8080/api/v1/stacks/HDP/versions/2.0.6.GlusterFS",
          "Versions" : {
            "stack_name" : "HDP",
            "stack_version" : "2.0.6.GlusterFS"
          }
        },
        {
          "href" : "http://c6401.ambari.apache.org:8080/api/v1/stacks/HDP/versions/2.1",
          "Versions" : {
            "stack_name" : "HDP",
            "stack_version" : "2.1"
          }
        },
        {
          "href" : "http://c6401.ambari.apache.org:8080/api/v1/stacks/HDP/versions/2.1.GlusterFS",
          "Versions" : {
            "stack_name" : "HDP",
            "stack_version" : "2.1.GlusterFS"
          }
        },
        {
          "href" : "http://c6401.ambari.apache.org:8080/api/v1/stacks/HDP/versions/2.2",
          "Versions" : {
            "stack_name" : "HDP",
            "stack_version" : "2.2"
          }
        }
      ]
    }
  ]
}