<?xml version="1.0" encoding="UTF-8"?>
<!--
  Licensed to the Apache Software Foundation (ASF) under one or more
  contributor license agreements.  See the NOTICE file distributed with
  this work for additional information regarding copyright ownership.
  The ASF licenses this file to You under the Apache License, Version 2.0
  (the "License"); you may not use this file except in compliance with
  the License.  You may obtain a copy of the License at

      https://www.apache.org/licenses/LICENSE-2.0

  Unless required by applicable law or agreed to in writing, software
  distributed under the License is distributed on an "AS IS" BASIS,
  WITHOUT WARRANTIES OR CONDITIONS OF ANY KIND, either express or implied.
  See the License for the specific language governing permissions and
  limitations under the License.
-->
<!DOCTYPE document PUBLIC "-//APACHE//DTD Documentation V2.0//EN" "https://forrest.apache.org/dtd/document-v20.dtd" [
  <!ENTITY % avro-entities PUBLIC "-//Apache//ENTITIES Avro//EN"
	   "../../../../build/avro.ent">
  %avro-entities;
]>
<document>
  <header>
    <title>Apache Avro&#153; &AvroVersion; IDL</title>
  </header>
  <body>

    <section id="preamble">
      <title>Introduction</title>

      <p>This document defines Avro IDL, a higher-level language for authoring Avro schemata.
      Before reading this document, you should have familiarity with the concepts of schemata and protocols,
      as well as the various primitive and complex types available in Avro.
      </p>
    </section>

    <section id="overview">
      <title>Overview</title>
      <section id="overview_purpose">
        <title>Purpose</title>
        <p>The aim of the Avro IDL language is to enable developers to author schemata in a way that
        feels more similar to common programming languages like Java, C++, or Python. Additionally,
        the Avro IDL language may feel more familiar for those users who have previously used the
        interface description languages (IDLs) in other frameworks like Thrift, Protocol Buffers, or CORBA.
        </p>
      </section>
      <section id="overview_usage">
        <title>Usage</title>
        <p>
          Each Avro IDL file defines a single Avro Protocol, and thus generates as its output a JSON-format
          Avro Protocol file with extension <code>.avpr</code>.
        </p>
        <p>
          To convert a <code>.avdl</code> file into a <code>.avpr</code> file, it may be processed by the
          <code>idl</code> tool. For example:
        </p>
        <source>
$ java -jar avro-tools.jar idl src/test/idl/input/namespaces.avdl /tmp/namespaces.avpr
$ head /tmp/namespaces.avpr
{
  "protocol" : "TestNamespace",
  "namespace" : "avro.test.protocol",
        </source>
        <p>
          The <code>idl</code> tool can also process input to and from <em>stdin</em> and <em>stdout</em>.
          See <code>idl --help</code> for full usage information.
        </p>
        <p>A Maven plugin is also provided to compile .avdl files.  To
        use it, add something like the following to your pom.xml:</p>
<source><![CDATA[
<build>
  <plugins>
    <plugin>
      <groupId>org.apache.avro</groupId>
      <artifactId>avro-maven-plugin</artifactId>
      <executions>
        <execution>
          <goals>
            <goal>idl-protocol</goal>
          </goals>
        </execution>
      </executions>
    </plugin>
  </plugins>
</build>
]]></source>
      </section>
    </section> <!-- end overview -->

    <section id="defining_protocol">
      <title>Defining a Protocol in Avro IDL</title>

      <p>An Avro IDL file consists of exactly one protocol definition. The minimal protocol is defined
      by the following code:
      </p>
      <source>
protocol MyProtocol {
}
      </source>
      <p>
        This is equivalent to (and generates) the following JSON protocol definition:
      </p>
  <!--  "namespace" : null, TODO: this is generated but shouldn't be - AVRO-263 -->
      <source>
{
"protocol" : "MyProtocol",
  "types" : [ ],
  "messages" : {
  }
}
      </source>
      <p>
        The namespace of the protocol may be changed using the <code>@namespace</code> annotation:
      </p>
      <source>
@namespace("mynamespace")
protocol MyProtocol {
}
      </source>
      <p>
        This notation is used throughout Avro IDL as a way of specifying properties for the annotated element,
        as will be described later in this document.
      </p>
      <p>
        Protocols in Avro IDL can contain the following items:
      </p>
        <ul>
          <li>Imports of external protocol and schema files.</li>
          <li>Definitions of named schemata, including <em>record</em>s, <em>error</em>s, <em>enum</em>s, and <em>fixed</em>s.</li>
          <li>Definitions of RPC messages</li>
        </ul>
    </section>
    <section id="imports">
      <title>Imports</title>
      <p>Files may be imported in one of three formats: </p>
      <ul>
        <li>An IDL file may be imported with a statement like:
	  <source>import idl "foo.avdl";</source>
	</li>
        <li>A JSON protocol file may be imported with a statement like:
	  <source>import protocol "foo.avpr";</source>
	</li>
        <li>A JSON schema file may be imported with a statement like:
	  <source>import schema "foo.avsc";</source>
	</li>
      </ul>
      <p>Messages and types in the imported file are added to this
	file's protocol.</p>
      <p>Imported file names are resolved relative to the current IDL file.</p>
    </section>
    <section id="format_enums">
      <title>Defining an Enumeration</title>
      <p>
        Enums are defined in Avro IDL using a syntax similar to C or Java. An Avro Enum supports optional default values.
        In the case that a reader schema is unable to recognize a symbol written by the writer, the reader will fall back to using the defined default value.
        This default is only used when an incompatible symbol is read. It is not used if the enum field is missing.
      </p>
      <p>
        Example Writer Enum Definition
      </p>
      <source>
enum Shapes {
  SQUARE, TRIANGLE, CIRCLE, OVAL
}
      </source>
      <p>
        Example Reader Enum Definition
      </p>
      <source>
enum Shapes {
  SQUARE, TRIANGLE, CIRCLE
} = CIRCLE;
      </source>
      <p>
        In the above example, the reader will use the default value of CIRCLE whenever reading data written with the OVAL symbol of the writer.
        Also note that, unlike the JSON format, anonymous enums cannot be defined.
      </p>
    </section>
    <section id="format_fixed">
      <title>Defining a Fixed Length Field</title>
      <p>
        Fixed fields are defined using the following syntax:
      </p>
      <source>
fixed MD5(16);
      </source>
      <p>This example defines a fixed-length type called <code>MD5</code> which contains 16 bytes.</p>
    </section>

    <section id="format_records">
      <title>Defining Records and Errors</title>
      <p>
        Records are defined in Avro IDL using a syntax similar to a <code>struct</code> definition in C:
      </p>
      <source>
record Employee {
  string name;
  boolean active = true;
  long salary;
}
      </source>
      <p>
        The above example defines a record with the name &ldquo;Employee&rdquo; with three fields.
      </p>
      <p>
        To define an error, simply use the keyword <code>error</code> instead of <code>record</code>.
        For example:
      </p>
      <source>
error Kaboom {
  string explanation;
  int result_code = -1;
}
      </source>
      <p>
        Each field in a record or error consists of a type and a name,
        optional property annotations and an optional default value.
      </p>
      <p>A type reference in Avro IDL must be one of:</p>
      <ul>
        <li>A primitive type</li>
        <li>A logical type</li>
        <li>A named schema defined prior to this usage in the same Protocol</li>
        <li>A complex type (array, map, or union)</li>
      </ul>

      <section id="primitive_types">
        <title>Primitive Types</title>
        <p>The primitive types supported by Avro IDL are the same as those supported by Avro's JSON format.
        This list includes <code>int</code>, <code>long</code>, <code>string</code>, <code>boolean</code>,
        <code>float</code>, <code>double</code>, <code>null</code>, and <code>bytes</code>.
        </p>
      </section>

      <section id="logical_types">
        <title>Logical Types</title>
        <p>Some of the logical types supported by Avro's JSON format are also supported by Avro IDL.
        The currently supported types are:
        </p>
        <ul>
          <li><code>decimal</code> (logical type <a href="spec.html#Decimal"><code>decimal</code></a>)</li>
          <li><code>date</code> (logical type <a href="spec.html#Date"><code>date</code></a>)</li>
          <li><code>time_ms</code> (logical type <a href="spec.html#Time+%28millisecond+precision%29"><code>time-millis</code></a>)</li>
          <li><code>timestamp_ms</code> (logical type <a href="spec.html#Timestamp+%28millisecond+precision%29"><code>timestamp-millis</code></a>)</li>
        </ul>
        <p>For example:</p>
        <source>
record Job {
  string jobid;
  date submitDate;
  time_ms submitTime;
  timestamp_ms finishTime;
  decimal(9,2) finishRatio;
}
        </source>
        <p>Logical types can also be specified via an annotation, which is useful for logical types for which a keyword does not exist:</p>
        <source>
record Job {
  string jobid;
  @logicalType("timestamp-micros")
  long finishTime;
}
        </source>
      </section>

      <section id="schema_references">
        <title>References to Named Schemata</title>
        <p>If a named schema has already been defined in the same Avro IDL file, it may be referenced by name
        as if it were a primitive type:
        </p>
        <source>
record Card {
  Suit suit; // refers to the enum Card defined above
  int number;
}
        </source>
      </section>
      <section id="default_values">
        <title>Default Values</title>

	<p>Default values for fields may be optionally
	specified by using an equals sign after the field name
	followed by a JSON expression indicating the default value.
	This JSON is interpreted as described in
	the <a href="spec.html#schema_record">spec</a>.</p>

      </section> <!-- default values -->
      <section id="complex_types">
        <title>Complex Types</title>

        <section id="arrays">
          <title>Arrays</title>
          <p>
            Array types are written in a manner that will seem familiar to C++ or Java programmers. An array of
            any type <code>t</code> is denoted <code>array&lt;t&gt;</code>. For example, an array of strings is
            denoted <code>array&lt;string&gt;</code>, and a multidimensional array of <code>Foo</code> records
            would be <code>array&lt;array&lt;Foo&gt;&gt;</code>.
          </p>
        </section>

        <section id="maps">
          <title>Maps</title>
          <p>Map types are written similarly to array types. An array that contains values of type
          <code>t</code> is written <code>map&lt;t&gt;</code>. As in the JSON schema format, all
          maps contain <code>string</code>-type keys.</p>
        </section>

        <section id="unions">
          <title>Unions</title>
          <p>Union types are denoted as <code>union { typeA, typeB, typeC, ... }</code>. For example,
          this record contains a string field that is optional (unioned with <code>null</code>), and
          a field containing either a precise or a imprecise number:
          </p>
          <source>
record RecordWithUnion {
  union { null, string } optionalString;
  union { decimal(12, 6), float } number;
}
          </source>
          <p>
            Note that the same restrictions apply to Avro IDL unions as apply to unions defined in the
            JSON format; namely, a record may not contain multiple elements of the same type. Also,
            fields/parameters that use the union type and have a default parameter must specify a
            default value of the same type as the <em>first</em> union type.
          </p>
          <p>Because it occurs so often, there is a special shorthand to denote a union of
            <code>null</code> with another type. In the following snippet, the first three fields have
            identical types:
          </p>
          <source>
record RecordWithUnion {
  union { null, string } optionalString1 = null;
  string? optionalString2 = null;
  string? optionalString3; // No default value
  string? optionalString4 = "something";
}
          </source>
          <p>Note that unlike explicit unions, the position of the <code>null</code> type is fluid; it will be
            the first or last type depending on the default value (if any). So in the example above, all fields
            are valid.</p>
        </section> <!-- unions -->
      </section> <!-- complex types -->
    </section> <!-- how to define records -->
    <section id="define_messages">
      <title>Defining RPC Messages</title>
      <p>The syntax to define an RPC message within a Avro IDL protocol is similar to the syntax for
      a method declaration within a C header file or a Java interface. To define an RPC message
      <code>add</code> which takes two arguments named <code>foo</code> and <code>bar</code>,
      returning an <code>int</code>, simply include the following definition within the protocol:
      </p>
      <source>
int add(int foo, int bar = 0);
      </source>
      <p>Message arguments, like record fields, may specify default
      values.</p>
      <p>To define a message with no response, you may use the alias <code>void</code>, equivalent
      to the Avro <code>null</code> type:
      </p>
      <source>
void logMessage(string message);
      </source>
      <p>
        If you have previously defined an error type within the same protocol, you may declare that
        a message can throw this error using the syntax:
      </p>
      <source>
void goKaboom() throws Kaboom;
      </source>
      <p>To define a one-way message, use the
      keyword <code>oneway</code> after the parameter list, for example:
      </p>
      <source>
void fireAndForget(string message) oneway;
      </source>
    </section> <!-- define messages -->
    <section id="minutiae">
      <title>Other Language Features</title>
      <section id="minutiae_comments">
        <title>Comments</title>
        <p>All Java-style comments are supported within a Avro IDL file. Any text following
        <code>//</code> on a line is ignored, as is any text between <code>/*</code> and
        <code>*/</code>, possibly spanning multiple lines.</p>
        <p>Comments that begin with <code>/**</code> are used as the
        documentation string for the type or field definition that
        follows the comment.</p>
      </section>
      <section id="minutiae_escaping">
        <title>Escaping Identifiers</title>
        <p>Occasionally, one will need to use a reserved language keyword as an identifier. In order
        to do so, backticks (<code>`</code>) may be used to escape the identifier. For example, to define
        a message with the literal name <em>error</em>, you may write:
        </p>
        <source>
void `error`();
        </source>
        <p>This syntax is allowed anywhere an identifier is expected.</p>
      </section>
      <section id="minutiae_annotations">
        <title>Annotations for Ordering and Namespaces</title>
        <p>Java-style annotations may be used to add additional
          properties to types and fields throughout Avro IDL.</p>

	<p>For example, to specify the sort order of a field within
          a record, one may use the <code>@order</code> annotation
          before the field name as follows:</p>
        <source>
record MyRecord {
  string @order("ascending") myAscendingSortField;
  string @order("descending")  myDescendingField;
  string @order("ignore") myIgnoredField;
}
        </source>
        <p>A field's type (with the exception of type references) may also be preceded by annotations, e.g.: </p>
        <source>
record MyRecord {
  @java-class("java.util.ArrayList") array&lt;string&gt; myStrings;
}
        </source>

        <p>This can be used to support java classes that can be
          serialized/deserialized via their toString/String constructor, e.g.:</p>
        <source>
record MyRecord {
  @java-class("java.math.BigDecimal") string value;
  @java-key-class("java.io.File") map&lt;string&gt; fileStates;
  array&lt;@java-class("java.math.BigDecimal") string&gt; weights;
}
        </source>

        <p>Similarly, a <code>@namespace</code> annotation may be used to modify the namespace
        when defining a named schema. For example:
        </p>
        <source>
@namespace("org.apache.avro.firstNamespace")
protocol MyProto {
  @namespace("org.apache.avro.someOtherNamespace")
  record Foo {}

  record Bar {}
}
        </source>
        <p>
          will define a protocol in the <code>firstNamespace</code> namespace. The record <code>Foo</code> will be
          defined in <code>someOtherNamespace</code> and <code>Bar</code> will be defined in <code>firstNamespace</code>
          as it inherits its default from its container.
        </p>
	<p>Type and field aliases are specified with
	the <code>@aliases</code> annotation as follows:</p>
        <source>
@aliases(["org.old.OldRecord", "org.ancient.AncientRecord"])
record MyRecord {
  string @aliases(["oldField", "ancientField"]) myNewField;
}
        </source>
        <p>Some annotations like those listed above are handled
        specially.  All other annotations are added as properties to
        the protocol, message, schema or field.</p>
        <p>Note that for named types, annotations should be added to
        the type definition; they cannot be added to the type references.</p>
      </section>
    </section>
    <section id="example">
      <title>Complete Example</title>
      <p>The following is an example of an Avro IDL file that shows most of the above features:</p>
      <source>
/*
* Header with license information.
*/

/**
 * An example protocol in Avro IDL
 */
@namespace("org.apache.avro.test")
protocol Simple {
  /** Documentation for the enum type Kind */
  @aliases(["org.foo.KindOf"])
  enum Kind {
    FOO,
    BAR, // the bar enum value
    BAZ
  } = FOO; // For schema evolution purposes, unmatched values do not throw an error, but are resolved to FOO.

  /** MD5 hash; good enough to avoid most collisions, and smaller than (for example) SHA256. */
  fixed MD5(16);

  record TestRecord {
    /** Record name; has no intrinsic order */
    string @order("ignore") name;

    Kind @order("descending") kind;

    MD5 hash;

    /*
    Note that 'null' is the first union type. Just like .avsc / .avpr files, the default value must be of the first union type.
    */
    union { null, MD5 } /** Optional field */ @aliases(["hash"]) nullableHash = null;

    array&lt;long&gt; arrayOfLongs;
  }

  /** Errors are records that can be thrown from a method */
  error TestError {
    string message;
  }

  string hello(string greeting);
  /** Return what was given. Demonstrates the use of backticks to name types/fields/messages/parameters after keywords */
  TestRecord echo(TestRecord `record`);
  int add(int arg1, int arg2);
  bytes echoBytes(bytes data);
  void `error`() throws TestError;
  // The oneway keyword forces the method to return null.
  void ping() oneway;
}
      </source>
      <p>Additional examples may be found in the Avro source tree under the <code>src/test/idl/input</code> directory.</p>
    </section>

  <p><em>Apache Avro, Avro, Apache, and the Avro and Apache logos are
   trademarks of The Apache Software Foundation.</em></p>

  </body>
</document>
