<?xml version="1.0" encoding="UTF-8"?>
<!--
  Licensed to the Apache Software Foundation (ASF) under one or more
  contributor license agreements.  See the NOTICE file distributed with
  this work for additional information regarding copyright ownership.
  The ASF licenses this file to You under the Apache License, Version 2.0
  (the "License"); you may not use this file except in compliance with
  the License.  You may obtain a copy of the License at

      https://www.apache.org/licenses/LICENSE-2.0

  Unless required by applicable law or agreed to in writing, software
  distributed under the License is distributed on an "AS IS" BASIS,
  WITHOUT WARRANTIES OR CONDITIONS OF ANY KIND, either express or implied.
  See the License for the specific language governing permissions and
  limitations under the License.
-->
<!--
Forrest site.xml

This file contains an outline of the site's information content.  It is used to:
- Generate the website menus (though these can be overridden - see docs)
- Provide semantic, location-independent aliases for internal 'site:' URIs, eg
<link href="site:changes"> links to changes.html (or ../changes.html if in
  subdir).
- Provide aliases for external URLs in the external-refs section.  Eg, <link
  href="ext:cocoon"> links to https://cocoon.apache.org/

See https://forrest.apache.org/docs/linking.html for more info
-->
<!-- The label attribute of the outer "site" element will only show
  in the linkmap (linkmap.html).
  Use elements project-name and group-name in skinconfig to change name of
  your site or project that is usually shown at the top of page.
  No matter what you configure for the href attribute, Forrest will
  always use index.html when you request https://yourHost/
  See FAQ: "How can I use a start-up-page other than index.html?"
-->

<site label="Avro" href="" xmlns="https://apache.org/forrest/linkmap/1.0">

  <docs label="Documentation">
    <overview   label="Overview"          href="index.html" />
    <gettingstartedjava label="Getting started (Java)" href="gettingstartedjava.html" />
    <gettingstartedpython label="Getting started (Python)" href="gettingstartedpython.html" />
    <spec       label="Specification"     href="spec.html" />
    <trevni     label="Trevni"            href="ext:trevni/spec" />
    <java-api   label="Java API"          href="ext:api/java/index" />
    <c-api      label="C API"             href="ext:api/c/index" />
    <cpp-api    label="C++ API"           href="ext:api/cpp/index" />
    <csharp-api label="C# API"            href="ext:api/csharp/index" />
    <mr         label="MapReduce guide"  href="mr.html" />
    <idl        label="IDL language"      href="idl.html" />
    <sasl       label="SASL profile"      href="sasl.html" />
    <wiki       label="Wiki"              href="ext:wiki" />
    <faq        label="FAQ"               href="ext:faq" />
  </docs>

  <external-refs>
    <site      href="https://avro.apache.org/"/>
    <lists     href="https://avro.apache.org/mailing_lists.html"/>
    <archive   href="https://mail-archives.apache.org/mod_mbox/hadoop-avro-commits/"/>
    <releases  href="https://avro.apache.org/releases.html">
      <download href="#Download" />
    </releases>
    <jira      href="https://avro.apache.org/issue_tracking.html"/>
    <wiki      href="https://cwiki.apache.org/confluence/display/AVRO/Index" />
    <faq       href="https://cwiki.apache.org/confluence/display/AVRO/FAQ" />
    <json      href="https://www.json.org/" />
    <vint      href="https://lucene.apache.org/java/3_5_0/fileformats.html#VInt"/>
    <zigzag    href="https://code.google.com/apis/protocolbuffers/docs/encoding.html#types"/>
    <api href="api/">
      <c href="c/">
	<index href="index.html" />
      </c>
      <cpp href="cpp/">
	<index href="html/index.html" />
      </cpp>
      <csharp href="csharp/">
	<index href="html/index.html" />
      </csharp>
      <java href="java/">
	<index href="index.html" />
      </java>
    </api>
    <trevni href="trevni/">
      <spec href="spec.html"/>
    </trevni>
  </external-refs>

</site>
